id,name,map_url,img_url,rating,total_review,pricing,address,city,category,about,opening_hours,keyword_category
641e20a9-e562-499b-914a-5fdb2ac2d84e,Wisata Kali Gajah Wong Mrican Giwangan,https://www.google.com/maps/place/Wisata+Kali+Gajah+Wong+Mrican+Giwangan/data=!4m7!3m6!1s0x2e7a571c6efb47ad:0x9f88b30f2819abae!8m2!3d-7.8311337!4d110.3941846!16s%2Fg%2F11c5bhfs47!19sChIJrUf7bhxXei4RrqsZKA-ziJ8?authuser=0&hl=en&rclk=1,https://lh5.googleusercontent.com/p/AF1QipNhZ7-JtjpN8Ra2lTA-H7i0E_A238zhBjs0JPdB=w426-h240-k-no,4.6,2930,,"599V+GMV, Mrican, Giwangan, Umbulharjo, Yogyakarta City, Special Region of Yogyakarta 55163, Indonesia",Kota Yogyakarta,"{""fish_food"": ""42"", ""2000"": ""37"", ""environment"": ""34"", ""fish_pond"": ""27"", ""ditch"": ""25"", ""nile_tilapia"": ""18"", ""washing_hands"": ""18"", ""gazebo"": ""18"", ""dam"": ""18"", ""drinking_glass"": ""15""}","{""description"": ""visitor center on an urban stream, offering pellets to feed the fish & boat cruises."", ""amenities"": ""good for kids""}",{},"[""tempat wisata""]"
a02f04d1-c632-4d29-a1c4-5bf97811aa41,Tarunasura Wijilan Gate,https://www.google.com/maps/place/Tarunasura+Wijilan+Gate/data=!4m7!3m6!1s0x2e7a57857fe29537:0x54d25418549f2062!8m2!3d-7.8038148!4d110.3666102!16s%2Fg%2F1hm5mswx6!19sChIJN5Xif4VXei4RYiCfVBhU0lQ?authuser=0&hl=en&rclk=1,https://lh5.googleusercontent.com/p/AF1QipPVfdWaP1q969nUd5RFPafEjRwUgYGLVPaMLXHO=w408-h408-k-no,4.7,432,,"59W8+FJH, Jl. Wijilan, Panembahan, Kecamatan Kraton, Kota Yogyakarta, Daerah Istimewa Yogyakarta 55131, Indonesia",Kota Yogyakarta,"{""gudeg"": ""58"", ""the_palace_of_yogyakarta"": ""20"", ""region"": ""13"", ""fort"": ""7"", ""vehicles"": ""5"", ""warung"": ""5"", ""cultural_property"": ""4"", ""congested"": ""4"", ""gopuram"": ""3""}","{""amenities"": ""good for kids""}",{},"[""tempat wisata""]"
aaf158b8-adb6-4e5d-92fe-c57038847404,Pondok Rasa Teras cipayung,https://www.google.com/maps/place/Pondok+Rasa+Teras+cipayung/data=!4m7!3m6!1s0x2e69ed68da299eff:0x97057f59d0ff2937!8m2!3d-6.3319103!4d106.8882742!16s%2Fg%2F11c49_n0ph!19sChIJ_54p2mjtaS4RNyn_0Fl_BZc?authuser=0&hl=en&rclk=1,https://lh5.googleusercontent.com/p/AF1QipMrjAI51tHokrJOYUnCKjwHIF5-Yh7CIRTbrBw9=w533-h240-k-no,4.4,812,,"Teras, depan McD, Jl. Cipayung Raya No.69, Cipayung, Kec. Cipayung, Kota Jakarta Timur, Daerah Khusus Ibukota Jakarta 13840, Indonesia",Kota Jakarta Timur,"{""price"": ""38"", ""area"": ""17"", ""mie_aceh"": ""14"", ""parking"": ""9"", ""strategic"": ""9"", ""food_court"": ""8"", ""motorcycle"": ""7"", ""standards"": ""6"", ""toilet"": ""5"", ""satay"": ""5""}","{""from_the_business"": ""identifies as women-owned"", ""service_options"": ""curbside pickup, no-contact delivery, delivery, takeout, dine-in"", ""offerings"": ""coffee, halal food"", ""dining_options"": ""lunch, dinner"", ""amenities"": ""good for kids"", ""atmosphere"": ""casual, cozy"", ""crowd"": ""groups"", ""payments"": ""cash-only, debit cards, nfc mobile payments, credit cards""}",{},
b0f4b14f-ad4c-4f76-b839-e694bc50dd96,AULA Masjid Nurussamaniyah,https://www.google.com/maps/place/AULA+Masjid+Nurussamaniyah/data=!4m7!3m6!1s0x2e69f66e319b062f:0x565655d36e9a0f82!8m2!3d-6.1636412!4d106.8051261!16s%2Fg%2F11cr_r45cj!19sChIJLwabMW72aS4Rgg-abtNVVlY?authuser=0&hl=en&rclk=1,https://lh5.googleusercontent.com/p/AF1QipMZoB_coFQmuGe5YysgNu5nTJz_zOpPL70i3i7Z=w408-h306-k-no,4.7,339,,"Jl. Cibunar Raya No.1, RT.1/RW.3, Duri Pulo, Kecamatan Gambir, Kota Jakarta Pusat, Daerah Khusus Ibukota Jakarta 10140, Indonesia",Kota Jakarta Pusat,"{""area"": ""41"", ""mosque"": ""18"", ""parking"": ""16"", ""event"": ""4"", ""ibadah"": ""3"", ""price"": ""3"", ""room"": ""3""}","{""accessibility"": ""wheelchair accessible entrance""}",{},"[""kegiatan"", ""tempat wisata""]"
c0e9cc98-0c13-4421-af3f-da75d455e006,Kali Boyong Camp Outbound,https://www.google.com/maps/place/Kali+Boyong+Camp+Outbound/data=!4m7!3m6!1s0x2e7a5e435eb96abd:0x839408cb7f357efb!8m2!3d-7.6602788!4d110.3967689!16s%2Fg%2F11c4jfg8dd!19sChIJvWq5XkNeei4R-341f8sIlIM?authuser=0&hl=en&rclk=1,https://lh5.googleusercontent.com/p/AF1QipMo3MAAA3PAHUbBouuzV1Dt4ddhcoCgqNaL9kIt=w408-h271-k-no,4.1,476,,"Jl. Raya Turi No.KM.3, Pakisaji, Candibinangun, Kec. Pakem, Kabupaten Sleman, Daerah Istimewa Yogyakarta 55582, Indonesia",Kabupaten Sleman,"{""outdoor_education"": ""32"", ""family"": ""17"", ""cold"": ""16"", ""area"": ""16"", ""games"": ""11"", ""camping"": ""7"", ""public_service"": ""7"", ""price"": ""6"", ""pond"": ""5"", ""nature"": ""5""}","{""amenities"": ""good for kids""}",{},"[""tempat wisata"", ""things to do""]"
69d4015c-fae4-4169-9da8-4fa2f885cbd3,The Sultan Hotel & Residence Jakarta,https://www.google.com/maps/place/The+Sultan+Hotel+%26+Residence+Jakarta/data=!4m10!3m9!1s0x2e69f15329c607c1:0x42bee1db200b445!5m2!4m1!1i2!8m2!3d-6.218217!4d106.809058!16s%2Fg%2F1w02h12t!19sChIJwQfGKVPxaS4RRbQAsh3uKwQ?authuser=0&hl=en&rclk=1,https://lh3.googleusercontent.com/gps-proxy/AE4_-5HXYSYg1DT2Qxw4haPkCMGBZmE4XXsqHcAEk-OttAI8JVUX8A2dtubOVXWcoodJ3OzCNhJe8c3OIHXi3PdT2ooaTTrTCVe1Z0DR9elAoDMPMVMriA_ErHkgeagFOg4xgnB1TNl_EcS02n2HyVijcQ2HdZlxpwcfO5vimcBzLV39p4nDgf5nYBzH=w408-h270-k-no,4.6,13863,,"Jl. Gatot Subroto, RT.1/RW.3, Gelora, Kecamatan Tanah Abang, Kota Jakarta Pusat, Daerah Khusus Ibukota Jakarta 10270, Indonesia",Kota Jakarta Selatan,{},{},{},
f0c43845-8645-44f6-b011-da2d2a60471d,Wisma Lamida 2 Syariah,https://www.google.com/maps/place/Wisma+Lamida+2+Syariah/data=!4m10!3m9!1s0x2e69f4ec020079e9:0xdb625886761147fe!5m2!4m1!1i2!8m2!3d-6.189826!4d106.8824004!16s%2Fg%2F11fj9htql1!19sChIJ6XkAAuz0aS4R_kcRdoZYYts?authuser=0&hl=en&rclk=1,https://lh5.googleusercontent.com/p/AF1QipMSb7E44NwEdEOocsiO3omJyZbQuAT1SoPcLQti=w408-h272-k-no,3.5,45,,"Jl. Bangunan Barat No.35, RT.8/RW.4, Kayu Putih, Kec. Pulo Gadung, Kota Jakarta Timur, Daerah Khusus Ibukota Jakarta 13210, Indonesia",Kota Jakarta Timur,{},{},{},"[""penginapan""]"
266a1e77-d7a9-4dde-a1ef-8890adcb83dd,Pelabuhan Sunda Kelapa Jakarta,https://www.google.com/maps/place/Pelabuhan+Sunda+Kelapa+Jakarta/data=!4m7!3m6!1s0x2e6a1de1357c38ab:0x1f3e51326d2b80cd!8m2!3d-6.1194021!4d106.8120938!16s%2Fg%2F1jkxm4j5x!19sChIJqzh8NeEdai4RzYArbTJRPh8?authuser=0&hl=en&rclk=1,https://lh5.googleusercontent.com/p/AF1QipPHYuze5EHAG-1PJTSbfGHGJkYTZ5qORx2NpMP4=w408-h272-k-no,4.3,108,,"Ancol, Pademangan, North Jakarta City, Jakarta, Indonesia",Jakarta Utara,"{""photo"": ""10"", ""hunting"": ""5"", ""tourism"": ""5"", ""wooden"": ""4"", ""afternoon"": ""4"", ""fish_market"": ""3"", ""car"": ""3""}","{""description"": ""bustling historic port where traditional wood sailing ships called pinisi are docked."", ""amenities"": ""restroom""}",{},
70797a58-b7e7-41b4-91e5-7c169bb0d0ca,Tsurukamedou Ramen,https://www.google.com/maps/place/Tsurukamedou+Ramen/data=!4m7!3m6!1s0x2e69f652cc9bb011:0x70898caa3fab9462!8m2!3d-6.1698004!4d106.7695503!16s%2Fg%2F1jkytb1l_!19sChIJEbCbzFL2aS4RYpSrP6qMiXA?authuser=0&hl=en&rclk=1,https://lh5.googleusercontent.com/p/AF1QipN3yL1lTlBghx3J9xfr7oBSvNpfACRQYIbsQ5Ps=w408-h544-k-no,4.2,818,Moderate,"Jl. Ratu Kemuning Raya, Jakarta No.8A, RT.12/RW.13, Duri Kepa, Kec. Kb. Jeruk, Kota Jakarta Barat, Daerah Khusus Ibukota Jakarta 11520, Indonesia",Kota Jakarta Barat,"{""broth"": ""57"", ""tonkotsu_ramen"": ""46"", ""parking"": ""36"", ""gravy"": ""35"", ""waiter"": ""19"", ""halal"": ""16"", ""grilled"": ""10"", ""pork_ramen"": ""8"", ""mall"": ""7"", ""plush"": ""5""}","{""description"": ""retoran dengan interior minimalis khas jepang menyajikan tonkatsu ramen dengan original resep."", ""service_options"": ""no-contact delivery, delivery, takeout, dine-in"", ""highlights"": ""fast service"", ""accessibility"": ""wheelchair accessible entrance"", ""No accessibility"": ""wheelchair accessible parking lot, wheelchair accessible restroom"", ""offerings"": ""kids' menu, quick bite"", ""dining_options"": ""brunch, lunch, dinner, dessert"", ""amenities"": ""good for kids, restroom, wi-fi, free wi-fi"", ""atmosphere"": ""casual, cozy"", ""crowd"": ""family-friendly, groups"", ""planning"": ""accepts reservations"", ""payments"": ""debit cards, nfc mobile payments, credit cards""}",{},"[""tempat makan""]"
f1ff1332-620c-46b8-94dd-14b80fc91fad,Gudeg Kangen Mbah Manto Gejayan,https://www.google.com/maps/place/Gudeg+Kangen+Mbah+Manto+Gejayan/data=!4m7!3m6!1s0x2e7a59a4148e3deb:0x34b7c299340a0508!8m2!3d-7.7597627!4d110.3952416!16s%2Fg%2F11c5sbcbzj!19sChIJ6z2OFKRZei4RCAUKNJnCtzQ?authuser=0&hl=en&rclk=1,https://lh5.googleusercontent.com/p/AF1QipM1m-FWU2lV7MZsBZIvsz5t1SpTxhJTLe4KCtP4=w408-h306-k-no,4.7,823,Inexpensive,"Jl. Affandi No.15, RW.2, Soropadan, Condongcatur, Kec. Depok, Kabupaten Sleman, Daerah Istimewa Yogyakarta 55283, Indonesia",Kabupaten Sleman,"{""sweet"": ""74"", ""porridge"": ""56"", ""morning"": ""52"", ""krecek"": ""33"", ""length"": ""30"", ""patience"": ""25"", ""sidewalk"": ""14"", ""gas_station"": ""12"", ""south"": ""11"", ""north"": ""10""}","{""service_options"": ""outdoor seating, takeout, dine-in"", ""No accessibility"": ""wheelchair accessible entrance, wheelchair accessible parking lot, wheelchair accessible seating"", ""offerings"": ""halal food"", ""dining_options"": ""breakfast, dinner, seating"", ""amenities"": ""good for kids"", ""atmosphere"": ""casual"", ""payments"": ""cash-only""}",{},"[""tempat makan""]"
c4a48419-f8f4-4561-bb36-5349245a7e13,Hotel Banggalawa,https://www.google.com/maps/place/Hotel+Banggalawa/data=!4m10!3m9!1s0x2e69ed78c5959213:0x1ee6e3c5ff7ee0dd!5m2!4m1!1i2!8m2!3d-6.303597!4d106.8671797!16s%2Fg%2F11c1xdhky4!19sChIJE5KVxXjtaS4R3eB-_8Xj5h4?authuser=0&hl=en&rclk=1,https://lh5.googleusercontent.com/p/AF1QipN4hAn-mgoKgEXnhqNv-d-hGBGGgZIwYkn-9TRl=w427-h240-k-no,3.9,1038,,"Jl. Raya Bogor No.11, RT.2/RW.5, Rambutan, Kec. Ciracas, Kota Jakarta Timur, Daerah Khusus Ibukota Jakarta 13760, Indonesia",Kota Jakarta Timur,{},{},{},"[""penginapan""]"
6dcbecbf-1979-4d1d-8108-27436bd5e05d,Teras Bapak 21,https://www.google.com/maps/place/Teras+Bapak+21/data=!4m7!3m6!1s0x2e69f309f02878b3:0x171e384022d14127!8m2!3d-6.2639758!4d106.8651865!16s%2Fg%2F11k9sxpd90!19sChIJs3go8AnzaS4RJ0HRIkA4Hhc?authuser=0&hl=en&rclk=1,https://lh5.googleusercontent.com/p/AF1QipMB2x94OEq3FLF73YWIz2jgP07BZzeH-Kv4A3-8=w408-h725-k-no,5,27,,"Kp Kramat RT.001/015 No.21, Cililitan, Daerah Khusus Ibukota Jakarta 13640, Indonesia",Kota Jakarta Timur,"{""steak"": ""8"", ""price"": ""5"", ""strategy"": ""3""}","{""service_options"": ""delivery, takeout, dine-in"", ""offerings"": ""halal food"", ""dining_options"": ""lunch, dinner"", ""amenities"": ""good for kids, restroom"", ""atmosphere"": ""casual, cozy"", ""crowd"": ""groups""}",{},
931ffea5-2d1d-4d84-9e08-004e6f936872,Agro Tainment Wisata Kampung Markisa,https://www.google.com/maps/place/Agro+Tainment+Wisata+Kampung+Markisa/data=!4m7!3m6!1s0x2e7a59b7ac5a838f:0x280a09d2d9918fc1!8m2!3d-7.774189!4d110.3647986!16s%2Fg%2F11kfc781hw!19sChIJj4NarLdZei4RwY-R2dIJCig?authuser=0&hl=en&rclk=1,https://lh5.googleusercontent.com/p/AF1QipPX-GQtJWyedjtCSfWKOMBDAAQ9m92y_idFt4kM=w426-h240-k-no,5,2,,"Blunyahrejo, Karangwaru, Kec. Tegalrejo, Kota Yogyakarta, Daerah Istimewa Yogyakarta 55241, Indonesia",Kota Yogyakarta,{},"{""amenities"": ""good for kids""}",{},"[""tempat wisata""]"
d99040c4-fb74-4bf7-8925-b9888c37726e,Amos Cozy Hotel & Convention Hall Jakarta,https://www.google.com/maps/place/Amos+Cozy+Hotel+%26+Convention+Hall+Jakarta/data=!4m10!3m9!1s0x2e69f16c3724e0f1:0x774e7b42ca3491a4!5m2!4m1!1i2!8m2!3d-6.2456375!4d106.7990763!16s%2Fg%2F1tzvyvyj!19sChIJ8eAkN2zxaS4RpJE0ykJ7Tnc?authuser=0&hl=en&rclk=1,https://lh3.googleusercontent.com/gps-proxy/AE4_-5ETlxzShaXMKHkoUvrL12I5ilBzu3bqF-fWAq9vZVl3RJm1_DfFEok_WmvPeNfvCwcdQoIQkmdGLw5fryPRRzimPH-Rgh_VGmAd7y86AJXjvx196tcV78zVIhxwmn-y9Zx8FlXb9L8rUiS9d2gwIQNiesyQZ1XyDZqFllVwGQqM7maZcjP5m0A4=w408-h541-k-no,3.9,1941,,"Jl. Melawai Raya No.83-85, RT.3/RW.1, Melawai, Kec. Kby. Baru, Kota Jakarta Selatan, Daerah Khusus Ibukota Jakarta 12160, Indonesia",Kota Jakarta Selatan,{},{},{},
b6396b31-5f4e-49b0-98af-58981933c692,Pandora Experience Baywalk Mall,https://www.google.com/maps/place/Pandora+Experience+Baywalk+Mall/data=!4m7!3m6!1s0x2e6a1d6a9c640c21:0xef7d2858fbf913c0!8m2!3d-6.1079629!4d106.7779249!16s%2Fg%2F11g1xx9gly!19sChIJIQxknGodai4RwBP5-1gofe8?authuser=0&hl=en&rclk=1,https://lh5.googleusercontent.com/p/AF1QipOQFWVekcCj3R4F4nh5Cf-w1qPzas-YGcZ1j_oG=w408-h306-k-no,5,49,,"RT.20/RW.2, Pluit, Kec. Penjaringan, Jkt Utara, Daerah Khusus Ibukota Jakarta 14450, Indonesia",Jakarta Utara,"{""sanatorium"": ""6"", ""tomb"": ""5"", ""thriller"": ""3"", ""puzzle"": ""3""}","{""amenities"": ""good for kids, restroom""}",{},
4caaad97-0609-456e-ab46-9b16577853c0,Pintu Masuk Lokasi Wisata Alam Kalibiru,https://www.google.com/maps/place/Pintu+Masuk+Lokasi+Wisata+Alam+Kalibiru/data=!4m7!3m6!1s0x2e7aeffdbd8d8395:0x84f53f202b02ee9!8m2!3d-7.8074644!4d110.1292816!16s%2Fg%2F11h4h8x10v!19sChIJlYONvf3vei4R6S6wAvJTTwg?authuser=0&hl=en&rclk=1,https://lh5.googleusercontent.com/p/AF1QipNrq4VMjB0qw_BIrNUeL7SnpzXtAqLwV5cpvq1X=w408-h306-k-no,4.8,9,,"54VH+2P7, Kamal, Karangsari, Kec. Pengasih, Kabupaten Kulon Progo, Daerah Istimewa Yogyakarta 55652, Indonesia",Kabupaten Kulon Progo,{},"{""amenities"": ""good for kids""}",{},
f04408a7-6ca1-49e2-a0b1-f879e48abb45,Gua Cerme,https://www.google.com/maps/place/Gua+Cerme/data=!4m7!3m6!1s0x2e7bab2040c07aff:0x43e34e65c58257b5!8m2!3d-7.9794413!4d110.3803114!16s%2Fg%2F120hnny7!19sChIJ_3rAQCCrey4RtVeCxWVO40M?authuser=0&hl=en&rclk=1,https://lh5.googleusercontent.com/p/AF1QipNHINeeqU_Vc4irq7ZNEfZB1LO70wSzIkJajnIj=w408-h544-k-no,4.4,746,,"Jl. Srunggo, Srunggo, Selopamioro, Kec. Imogiri, Kabupaten Bantul, Daerah Istimewa Yogyakarta 55782",Kabupaten Bantul,"{""guide"": ""24"", ""cold"": ""22"", ""caving"": ""17"", ""flashlight"": ""16"", ""stalactite"": ""12"", ""helmet"": ""10"", ""religious"": ""9"", ""dark"": ""8"", ""stalagmite"": ""8"", ""wali_sanga"": ""5""}","{""description"": ""cave complex with dark grottoes, watery caverns & climbing spots, plus helmet & headlamp rentals."", ""No accessibility"": ""wheelchair-accessible car park, wheelchair-accessible entrance""}",{},['tempat makan']
9217768d-d2dd-4fd6-841b-c8379982d565,Harum Segar,https://www.google.com/maps/place/Harum+Segar/data=!4m7!3m6!1s0x2e69f70eb93b5dbb:0x35983ea06fdc784c!8m2!3d-6.1676261!4d106.7676902!16s%2Fg%2F11ftwg0xc8!19sChIJu107uQ73aS4RTHjcb6A-mDU?authuser=0&hl=en&rclk=1,https://lh5.googleusercontent.com/p/AF1QipOqYfwWOSMwqvV1DydGWXzf6ugk5U2_j0BAXLfw=w408-h306-k-no,4.3,46,,"Jl. Taman Ratu Raya No.44, RT.6/RW.8, Duri Kepa, Kec. Kb. Jeruk, Kota Jakarta Barat, Daerah Khusus Ibukota Jakarta 11520, Indonesia",Kota Jakarta Barat,"{""nasi_campur"": ""3""}","{""service_options"": ""no-contact delivery, delivery, takeout, dine-in"", ""dining_options"": ""lunch, dinner"", ""amenities"": ""good for kids, restroom"", ""atmosphere"": ""casual"", ""crowd"": ""groups""}",{},"[""tempat makan""]"
80105a84-d535-4c38-ad14-033ccc07e269,Warung Teteh Nasi Liwet,https://www.google.com/maps/place/Warung+Teteh+Nasi+Liwet/data=!4m7!3m6!1s0x2e69f172d5763b91:0xbd2c5a9a7eb0f08f!8m2!3d-6.2505072!4d106.7942155!16s%2Fg%2F11b7t7k1cf!19sChIJkTt21XLxaS4Rj_CwfppaLL0?authuser=0&hl=en&rclk=1,https://lh5.googleusercontent.com/p/AF1QipPRykivhJPW1JjIyZAmWnMDS5Tgk0McDOmPH6YW=w426-h240-k-no,4.3,444,Inexpensive,"Jl. Petogogan I No.7, RW.7, Pulo, Kec. Kby. Baru, Kota Jakarta Selatan, Daerah Khusus Ibukota Jakarta 12140, Indonesia",Kota Jakarta Selatan,"{""price"": ""14"", ""sambal"": ""10"", ""heat"": ""9"", ""banana_leaf"": ""5"", ""family"": ""5"", ""fish"": ""5"", ""salty"": ""4"", ""noon"": ""4"", ""dining"": ""3"", ""peda"": ""3""}","{""description"": ""down-to-earth standby with basic outdoor seating whipping up traditional sundanese eats."", ""service_options"": ""outdoor seating, no-contact delivery, delivery, takeout, dine-in"", ""No accessibility"": ""wheelchair accessible entrance, wheelchair accessible parking lot, wheelchair accessible seating"", ""offerings"": ""coffee, halal food"", ""dining_options"": ""breakfast, brunch, lunch, dinner, catering, seating"", ""amenities"": ""good for kids, restroom"", ""atmosphere"": ""casual, cozy"", ""crowd"": ""groups"", ""planning"": ""accepts reservations"", ""payments"": ""cash-only""}",{},"[""tempat makan""]"
13fbaf3e-ef3d-4f9d-bc9d-f620bb18680d,The Royal Joglo,https://www.google.com/maps/place/The+Royal+Joglo/data=!4m10!3m9!1s0x2e7bba39f0b26dc7:0x76377fc6a5959959!5m2!4m1!1i2!8m2!3d-8.14432!4d110.598625!16s%2Fg%2F11hbbl8ncl!19sChIJx22y8Dm6ey4RWZmVpcZ_N3Y?authuser=0&hl=en&rclk=1,https://lh3.googleusercontent.com/gps-proxy/AE4_-5HphR28hett2ItM2xBFsuIo1nZwzrrxT_46uDMjcquD-FgCVfzOUnBj6xNwU5y5fME5KCezOjmCyQ2HWWzNe1LyPoAPZUymchHpz0slg705b4b3br6VbU7fifkCdAKEwNiXlSNmdyEeN12XIENPGeYwE6GmvgbCVNQdON-tiPftkSAG_FuK0Xoa=w408-h272-k-no,4.5,476,,"Area Hutan, Ngestirejo, Tanjungsari, Gunung Kidul Regency, Special Region of Yogyakarta 55881, Indonesia",Kabupaten Gunung Kidul,{},{},{},
0c0ad293-1e08-4adf-bdbf-87fe693edf46,Bakmie Aloi - Grogol,https://www.google.com/maps/place/Bakmie+Aloi+-+Grogol/data=!4m7!3m6!1s0x2e69f64207bc70c5:0x8ba4a439ce801531!8m2!3d-6.1626015!4d106.7911446!16s%2Fg%2F1th5fwpp!19sChIJxXC8B0L2aS4RMRWAzjmkpIs?authuser=0&hl=en&rclk=1,https://lh5.googleusercontent.com/p/AF1QipNYbglULNzAMYyya-jc-xbU9m7IUKRvdav2gtlI=w426-h240-k-no,4.5,2436,Moderate,"Jl. Dr. Muwardi I No.40, RT.10/RW.4, Grogol, Kec. Grogol petamburan, Kota Jakarta Barat, Daerah Khusus Ibukota Jakarta 11450, Indonesia",Kota Jakarta Barat,"{""halal"": ""70"", ""area"": ""35"", ""mushroom"": ""28"", ""bakso"": ""21"", ""pempek"": ""15"", ""message"": ""15"", ""mie_ayam"": ""13"", ""nasi_tim"": ""12"", ""pork_noodle"": ""11"", ""otak-otak"": ""6""}","{""description"": ""bright, basic indonesian joint turning out a range of noodle dishes in relaxed, airy confines."", ""service_options"": ""outdoor seating, no-contact delivery, delivery, takeout, dine-in"", ""No accessibility"": ""wheelchair accessible restroom, wheelchair accessible seating"", ""offerings"": ""coffee"", ""dining_options"": ""breakfast, brunch, lunch, dinner, dessert, seating"", ""amenities"": ""good for kids, restroom"", ""atmosphere"": ""casual, cozy"", ""crowd"": ""groups"", ""planning"": ""accepts reservations""}",{},"[""tempat makan""]"
dcb5f211-575c-4500-a7d0-593fd348b4b8,Rumah Makan Tahu Telupat,https://www.google.com/maps/place/Rumah+Makan+Tahu+Telupat/data=!4m7!3m6!1s0x2e7a5a25e36d8315:0x78f4bc34f221d574!8m2!3d-7.7650289!4d110.4317754!16s%2Fg%2F11b6c9_6wy!19sChIJFYNt4yVaei4RdNUh8jS89Hg?authuser=0&hl=en&rclk=1,https://lh5.googleusercontent.com/p/AF1QipOy3FuJbIO3hE9nVY3ZVktLmbHFnnNxoN4jkZX1=w425-h240-k-no,4.3,15,,"Jl. Raya Tajem No.1, Meguwo, Maguwoharjo, Kec. Depok, Kabupaten Sleman, Daerah Istimewa Yogyakarta 55282, Indonesia",Kabupaten Sleman,{},"{""service_options"": ""takeout, dine-in"", ""No accessibility"": ""wheelchair accessible seating"", ""offerings"": ""halal food"", ""dining_options"": ""lunch"", ""amenities"": ""good for kids, restroom"", ""atmosphere"": ""casual, cozy"", ""crowd"": ""groups"", ""payments"": ""cash-only""}",{},"[""tempat makan""]"
8062f747-e445-482c-a905-b4ad0480d840,Aston Kemayoran City Hotel,https://www.google.com/maps/place/Aston+Kemayoran+City+Hotel/data=!4m10!3m9!1s0x2e69f59594811caf:0x2888efcbea27ed7c!5m2!4m1!1i2!8m2!3d-6.154353!4d106.845691!16s%2Fg%2F11j8hm0dng!19sChIJrxyBlJX1aS4RfO0n6svviCg?authuser=0&hl=en&rclk=1,https://lh5.googleusercontent.com/p/AF1QipMDIkg2hpFxMXLgdnSsWNrmSz7Zso7nYm00OYgh=w408-h270-k-no,4.8,1241,,"Jl. HBR Motik No.4, Gn. Sahari Sel., Kec. Kemayoran, Kota Jakarta Pusat, Daerah Khusus Ibukota Jakarta 10610, Indonesia",Kota Jakarta Timur,{},{},{},
d994a505-1938-444b-af3e-89a765ba6e97,Prime Cailendra Hotel RedPartner near Malioboro Yogyakarta,https://www.google.com/maps/place/Prime+Cailendra+Hotel+RedPartner+near+Malioboro+Yogyakarta/data=!4m10!3m9!1s0x2e7a579de7020d3f:0x93f879c946476968!5m2!4m1!1i2!8m2!3d-7.810462!4d110.377238!16s%2Fg%2F11c54_0krg!19sChIJPw0C551Xei4RaGlHRsl5-JM?authuser=0&hl=en&rclk=1,https://lh5.googleusercontent.com/p/AF1QipNjkNoElKW5s1IjmhkJxU8IabX4cIVN53lg28MH=w408-h272-k-no,4.5,326,,"Jl. Taman Siswa No.91, Wirogunan, Kec. Mergangsan, Kota Yogyakarta, Daerah Istimewa Yogyakarta 55111, Indonesia",Kabupaten Sleman,{},{},{},
b662cccf-ab97-4017-8d24-513c989b62b1,Dapoer SOTO SELAN Semarang,https://www.google.com/maps/place/Dapoer+SOTO+SELAN+Semarang/data=!4m7!3m6!1s0x2e69f7b084e02289:0x98c28459ea7174fd!8m2!3d-6.1652268!4d106.7593438!16s%2Fg%2F11f03zpbl9!19sChIJiSLghLD3aS4R_XRx6lmEwpg?authuser=0&hl=en&rclk=1,https://lh5.googleusercontent.com/p/AF1QipOKuj5n1tPgbY0VeLd7NGHMtol2Hgqcd4Ii1knJ=w408-h306-k-no,4.2,152,,"Jl. Komp. Green Garden No.3, RT.13/RW.3, Kedoya Utara, Kec. Kb. Jeruk, Kota Jakarta Barat, Daerah Khusus Ibukota Jakarta 11520, Indonesia",Kota Jakarta Barat,"{""pricing_strategy"": ""8"", ""sales"": ""5"", ""ayam_bakar"": ""5"", ""bumbu"": ""4""}","{""service_options"": ""no-contact delivery, delivery, takeout, dine-in"", ""offerings"": ""halal food"", ""dining_options"": ""breakfast, brunch, lunch, dinner, catering"", ""amenities"": ""good for kids, restroom"", ""atmosphere"": ""casual"", ""crowd"": ""family-friendly, groups"", ""planning"": ""accepts reservations""}",{},"[""tempat makan""]"
8f2599fc-8c34-4039-8197-2615c3350717,Terminal Futsal,https://www.google.com/maps/place/Terminal+Futsal/data=!4m7!3m6!1s0x2e69f6d03520a25d:0xe8420ddc760b7eff!8m2!3d-6.2112605!4d106.781299!16s%2Fg%2F11cs6981qx!19sChIJXaIgNdD2aS4R_34LdtwNQug?authuser=0&hl=en&rclk=1,https://lh5.googleusercontent.com/p/AF1QipMHiXITKkwpVPIxO9iYjpjYEnNSbWOJVZ8SmTAf=w408-h305-k-no,4.4,640,,"Jl. Masjid Al Anwar No.Kav. 2, RT.2/RW.1, Sukabumi Utara, Kec. Kb. Jeruk, Kota Jakarta Barat, Daerah Khusus Ibukota Jakarta 11540, Indonesia",Kota Jakarta Barat,"{""parking"": ""14"", ""area"": ""13"", ""pricing_strategy"": ""10"", ""for_motorcycle"": ""9"", ""lawn"": ""6"", ""cafe"": ""5"", ""drinks"": ""5"", ""sport"": ""5"", ""territory"": ""4"", ""standards"": ""4""}","{""accessibility"": ""wheelchair accessible entrance"", ""No accessibility"": ""wheelchair accessible parking lot""}",{},['kegiatan']
5a680583-b94d-47b3-a61f-92694c3316c2,Mail Lesehan fatmawati,https://www.google.com/maps/place/Mail+Lesehan+fatmawati/data=!4m7!3m6!1s0x2e69f19fa81d1c7f:0x225298fc778dbec8!8m2!3d-6.2615994!4d106.7967419!16s%2Fg%2F11cs3g_djz!19sChIJfxwdqJ_xaS4RyL6Nd_yYUiI?authuser=0&hl=en&rclk=1,https://lh5.googleusercontent.com/p/AF1QipP91ZxKpJNZ7ZpyuXyDOeWTgS1iwkWAW8YOd6FK=w408-h306-k-no,4.5,688,,"Jl. RS. Fatmawati Raya No.85, RT.8/RW.5, Cipete Utara, Kec. Kby. Baru, Kota Jakarta Selatan, Daerah Khusus Ibukota Jakarta 12150, Indonesia",Kota Jakarta Selatan,"{""sambal"": ""47"", ""skin"": ""16"", ""spicy"": ""16"", ""fried"": ""13"", ""music"": ""10"", ""sides"": ""10"", ""tables"": ""8"", ""jengkol"": ""6"", ""patience"": ""6"", ""shrimp"": ""5""}","{""service_options"": ""outdoor seating, delivery, takeout, dine-in"", ""No accessibility"": ""wheelchair accessible entrance, wheelchair accessible parking lot, wheelchair accessible seating"", ""offerings"": ""halal food, late-night food"", ""dining_options"": ""lunch, dinner, seating"", ""atmosphere"": ""casual, cozy"", ""crowd"": ""family-friendly, groups"", ""payments"": ""cash-only, debit cards""}",{},['tempat makan']
81bf65dd-15cb-4949-9edc-0132e76709de,Bed and Breakfast Tomang,https://www.google.com/maps/place/Bed+and+Breakfast+Tomang/data=!4m10!3m9!1s0x2e69f6610289b55d:0x9210070de72d5a7a!5m2!4m1!1i2!8m2!3d-6.1742967!4d106.7972512!16s%2Fg%2F1jgm34xlz!19sChIJXbWJAmH2aS4Relot5w0HEJI?authuser=0&hl=en&rclk=1,https://lh5.googleusercontent.com/p/AF1QipPALGaaG5I-rA_VP5WrHNFopd_LW5IxEQBLL1r7=w480-h240-k-no,4.7,89,,"Jl. Gelong Baru Timur VI No.3, RW.2, Tomang, Kec. Grogol petamburan, Kota Jakarta Barat, Daerah Khusus Ibukota Jakarta 11440, Indonesia",Kota Jakarta Barat,{},{},{},"[""penginapan""]"
10ac4ef4-6c7d-4a27-a4fc-60a5b67ec34c,Mrajak Keramik Kasongan I Sentra Pelatihan Dan Wisata Gerabah Kasongan Yogyakarta,https://www.google.com/maps/place/Mrajak+Keramik+Kasongan+I+Sentra+Pelatihan+Dan+Wisata+Gerabah+Kasongan+Yogyakarta/data=!4m7!3m6!1s0x2e7a56296cd3e521:0x60a42a6cf8a32741!8m2!3d-7.8452343!4d110.3348355!16s%2Fg%2F11cjpvgpnv!19sChIJIeXTbClWei4RQSej-GwqpGA?authuser=0&hl=en&rclk=1,https://lh5.googleusercontent.com/p/AF1QipNU29ywObIpW4wP4jBiSz7orc2uTg84NIC7tJrB=w408-h612-k-no,4.9,80,,"Jl. Kasongan No.RT. 03, Kajen, Bangunjiwo, Kec. Kasihan, Kabupaten Bantul, Daerah Istimewa Yogyakarta 55184",Kabupaten Bantul,"{""educational_game"": ""7"", ""learning"": ""7"", ""craft"": ""6"", ""public_service"": ""4"", ""workshop"": ""3"", ""strategy"": ""3""}","{""amenities"": ""good for kids"", ""planning"": ""appointment required""}",{},['tempat makan']
00e6e095-84e3-459f-84d2-280db70a79d9,Monumen Yogya Kembali,https://www.google.com/maps/place/Monumen+Yogya+Kembali/data=!4m7!3m6!1s0x2e7a58f99013c989:0x2a96db25b8ff4333!8m2!3d-7.7495904!4d110.3696068!16s%2Fm%2F0gfgg53!19sChIJickTkPlYei4RM0P_uCXblio?authuser=0&hl=en&rclk=1,https://lh5.googleusercontent.com/p/AF1QipP2L9jab3vZJMpGXyrQKPxf40ts9bk2Q4QsVS_m=w408-h306-k-no,4.5,12943,,"7929+5R9, Jl. Ring Road Utara, Jongkang, Sariharjo, Kec. Ngaglik, Kabupaten Sleman, Daerah Istimewa Yogyakarta 55581, Indonesia",Kabupaten Sleman,"{""learning"": ""301"", ""dioramas"": ""165"", ""indonesian_national_revolution"": ""72"", ""school_trip"": ""66"", ""proclamation_of_indonesian_independence"": ""44"", ""primary_school"": ""38"", ""1949"": ""37"", ""general_soedirman"": ""30"", ""soeharto"": ""20"", ""rainbow"": ""17""}","{""description"": ""cone-shaped museum featuring dioramas & other exhibits on the indonesian national revolution."", ""accessibility"": ""wheelchair accessible entrance, wheelchair accessible parking lot"", ""amenities"": ""good for kids""}",{},"[""tempat wisata""]"
fadb5ab6-8950-41fc-8962-eea70367d98b,Hotel Rakacia,https://www.google.com/maps/place/Hotel+Rakacia/data=!4m10!3m9!1s0x2e69f4eb1f4a28f9:0x1d95a8dfdda8dc0a!5m2!4m1!1i2!8m2!3d-6.1931721!4d106.9014138!16s%2Fg%2F1q62kk1kv!19sChIJ-ShKH-v0aS4RCtyo3d-olR0?authuser=0&hl=en&rclk=1,https://lh3.googleusercontent.com/gps-proxy/AE4_-5HqfZ-GtrxPsm4pQ8WC9EhYxM66s4M1ubVar0w4bYH4DXWt-HY0Myc0ICK-chA7-KV0j-Ew6sc4omHrbCtqqNbpObnwghJzogNpg_4X85H6eRT2vInVVDrwXXLqYtqD-BZ3GucqbxXe-owzP_FAodXeoPHmFq_1ui8UMo0BHm3BUiNE-8DrfKw=w408-h305-k-no,3.7,820,,"Jl. Pemuda No.10, RT.12/RW.4, Jati, Kec. Pulo Gadung, Kota Jakarta Timur, Daerah Khusus Ibukota Jakarta 13220, Indonesia",Kota Jakarta Timur,{},{},{},"[""penginapan""]"
5c159e60-74fa-480a-a102-6e141677f613,All Nite & Day Residence - Kebon Jeruk,https://www.google.com/maps/place/All+Nite+%26+Day+Residence+-+Kebon+Jeruk/data=!4m10!3m9!1s0x2e69f7dd02c043b3:0xf6cbf9cb195c029b!5m2!4m1!1i2!8m2!3d-6.1961404!4d106.7637518!16s%2Fg%2F11h64xdry4!19sChIJs0PAAt33aS4RmwJcGcv5y_Y?authuser=0&hl=en&rclk=1,https://lh5.googleusercontent.com/p/AF1QipNdpYUaoY3uek6DcpIKuvjjWtQsXP23DRv3GHvA=w408-h272-k-no,4.5,567,,"Jl. Perjuangan No.19A, RT.10/RW.7, Kb. Jeruk, Kec. Kb. Jeruk, Kota Jakarta Barat, Daerah Khusus Ibukota Jakarta 11530, Indonesia",Kota Jakarta Barat,{},{},{},"[""penginapan""]"
e8222718-1d3d-48d2-8456-898a95c12f2d,RM Padang Bendogorok 1,https://www.google.com/maps/place/RM+Padang+Bendogorok+1/data=!4m7!3m6!1s0x2e7a5436886c87bd:0xd050272acd1aad72!8m2!3d-7.8968769!4d110.3846286!16s%2Fg%2F11b6jgkbjl!19sChIJvYdsiDZUei4Rcq0azSonUNA?authuser=0&hl=en&rclk=1,https://lh5.googleusercontent.com/p/AF1QipPB6y9Y14vLi95df-ooJTG4iChsHE1Ghj8hWKcB=w426-h240-k-no,4.4,344,,"493M+6VR, Jalan Imogiri Timur, Trimulyo, Jetis, Ponggok I, Trimulyo, Kec. Jetis, Kabupaten Bantul, Daerah Istimewa Yogyakarta 55781, Indonesia",Kabupaten Bantul,"{""price"": ""27"", ""sides"": ""17"", ""gravy"": ""11"", ""parking"": ""8"", ""table"": ""4"", ""fried_chicken"": ""4"", ""waitress"": ""3"", ""nasi"": ""3"", ""rendang"": ""3"", ""public_service"": ""3""}","{""service_options"": ""delivery, takeout, dine-in"", ""No accessibility"": ""wheelchair accessible entrance, wheelchair accessible parking lot, wheelchair accessible seating"", ""offerings"": ""coffee, halal food"", ""dining_options"": ""breakfast, lunch"", ""amenities"": ""good for kids, restroom"", ""atmosphere"": ""casual, cozy"", ""crowd"": ""groups"", ""planning"": ""accepts reservations"", ""payments"": ""cash-only""}",{},
e097cb1d-656a-46ad-a198-31ba5c3c7278,Kamseng Restaurant,https://www.google.com/maps/place/Kamseng+Restaurant/data=!4m7!3m6!1s0x2e69f5fd89bf9c93:0x29b4488419d9ef5!8m2!3d-6.1481822!4d106.8185915!16s%2Fg%2F1tgyz03f!19sChIJk5y_if31aS4R9Z6dQYhEmwI?authuser=0&hl=en&rclk=1,https://lh5.googleusercontent.com/p/AF1QipP1El6j56b34DGv_eyw49qrCUak6h3eWqPMbQAq=w408-h306-k-no,4.3,3021,Moderate,"Jl. Mangga Besar 1 No.26, RW.5, Mangga Besar, Kec. Taman Sari, Kota Jakarta Barat, Daerah Khusus Ibukota Jakarta 11180, Indonesia",Kota Jakarta Barat,{},"{""description"": ""unfussy fixture dishing up chinese-style rice porridge & other comfort fare in a bright quarters."", ""service_options"": ""takeout, dine-in"", ""highlights"": ""fast service"", ""No accessibility"": ""wheelchair accessible entrance, wheelchair accessible parking lot, wheelchair accessible restroom, wheelchair accessible seating"", ""offerings"": ""coffee, healthy options, late-night food"", ""dining_options"": ""breakfast, brunch, lunch, dinner, dessert"", ""amenities"": ""good for kids, restroom"", ""atmosphere"": ""casual"", ""crowd"": ""groups"", ""planning"": ""accepts reservations"", ""payments"": ""debit cards, credit cards""}",{},"[""tempat makan""]"
c3a0bb61-5124-4ffb-b8ea-89af8ffd9528,"ToffeeDev - Web Design & Development, SEO Agency in Jakarta","https://www.google.com/maps/place/ToffeeDev+-+Web+Design+%26+Development,+SEO+Agency+in+Jakarta/data=!4m7!3m6!1s0x2e69f71860849f4d:0x45337bcda2c43402!8m2!3d-6.1980321!4d106.7620288!16s%2Fg%2F11cjhszhh_!19sChIJTZ-EYBj3aS4RAjTEos17M0U?authuser=0&hl=en&rclk=1",https://lh5.googleusercontent.com/p/AF1QipN0eY3TnhX-QkRD3H3Pr0rqqnvo8kQy1l9Ob08p=w426-h240-k-no,4.8,56,,"PT Toffee International, Ruko Business Park, Jl. Meruya Ilir Raya No.88, RT.1/RW.5, Meruya Utara, Kec. Kembangan, Kota Jakarta Barat, Daerah Khusus Ibukota Jakarta 11620, Indonesia",Kota Jakarta Barat,"{""digital_marketing"": ""5"", ""learn"": ""4"", ""experience"": ""3""}","{""service_options"": ""online appointments"", ""planning"": ""appointment required""}",{},['kegiatan']
d8e07523-d56d-4b99-a006-1b25f99ab80e,Warung Makan,https://www.google.com/maps/place/Warung+Makan/data=!4m7!3m6!1s0x2e69f19384578f53:0xeebe9a2bd735de3f!8m2!3d-6.2480377!4d106.786255!16s%2Fg%2F11hz0jyqf1!19sChIJU49XhJPxaS4RP9411yuavu4?authuser=0&hl=en&rclk=1,https://streetviewpixels-pa.googleapis.com/v1/thumbnail?panoid=NBxPsm1GTE2BfitJvu10FQ&cb_client=search.gws-prod.gps&w=408&h=240&yaw=318.72964&pitch=0&thumbfov=100,4.8,4,,"Jl. Jatayu No.48, RT.1/RW.12, Kby. Lama Sel., Kec. Kby. Lama, Kota Jakarta Selatan, Daerah Khusus Ibukota Jakarta 12240, Indonesia",Kota Jakarta Selatan,{},"{""service_options"": ""takeout, dine-in"", ""offerings"": ""halal food"", ""dining_options"": ""lunch"", ""payments"": ""cash-only""}",{},"[""tempat makan""]"
67805d50-5552-46b4-bf62-0b584047acc1,TM Seasons City,https://www.google.com/maps/place/TM+Seasons+City/data=!4m7!3m6!1s0x2e69f61599b98ce3:0x3dfe2e620492b590!8m2!3d-6.153435!4d106.7959604!16s%2Fg%2F11b7hd_mcc!19sChIJ44y5mRX2aS4RkLWSBGIu_j0?authuser=0&hl=en&rclk=1,https://lh5.googleusercontent.com/p/AF1QipPHObcf5Tpe3rXyQMsOvZY6IT41cHmYf0I8WljM=w408-h306-k-no,4.3,25924,,"Jl. Prof. Dr. Latumeten No.33, RW.1, Jemb. Besi, Kec. Tambora, Kota Jakarta Barat, Daerah Khusus Ibukota Jakarta 11320, Indonesia",Kota Jakarta Barat,"{""apartment"": ""188"", ""traffic_jam"": ""167"", ""carrefour"": ""101"", ""agate"": ""58"", ""rocks"": ""49"", ""smoking"": ""46"", ""solid"": ""42"", ""hokben"": ""26"", ""ramayana"": ""10""}","{""description"": ""retail center with shops catering to local residents plus entertainment facilities for kids."", ""service_options"": ""in-store shopping"", ""highlights"": ""playground"", ""accessibility"": ""wheelchair accessible elevator, wheelchair accessible entrance, wheelchair accessible parking lot, wheelchair rental"", ""amenities"": ""free wi-fi""}",{},['kegiatan']
65a7d8d2-a066-4e62-99af-1911d917ac12,Top Malioboro Hotel Jogja,https://www.google.com/maps/place/Top+Malioboro+Hotel+Jogja/data=!4m10!3m9!1s0x2e7a5818b5ca88ff:0xb8f32f34eab67ecb!5m2!4m1!1i2!8m2!3d-7.7912164!4d110.353272!16s%2Fg%2F11bbypw_1w!19sChIJ_4jKtRhYei4Ry3626jQv87g?authuser=0&hl=en&rclk=1,https://lh5.googleusercontent.com/p/AF1QipNCKuA2sBd9rzcph7U7ircAiljFt6t54f8swkIW=w408-h452-k-no,4,2325,,"Jl. HOS Cokroaminoto No.145, Tegalrejo, Kec. Tegalrejo, Kota Yogyakarta, Daerah Istimewa Yogyakarta 55244, Indonesia",Kota Yogyakarta,{},{},{},
428748dc-4045-40b0-beab-49352e852cba,Bakmie Aloi,https://www.google.com/maps/place/Bakmie+Aloi/data=!4m7!3m6!1s0x2e69f528b42ae397:0x5d4d4435dc9abd49!8m2!3d-6.1692276!4d106.9010351!16s%2Fg%2F11cn8sft6m!19sChIJl-MqtCj1aS4RSb2a3DVETV0?authuser=0&hl=en&rclk=1,https://lh5.googleusercontent.com/p/AF1QipMon0iKxDzCZ0oGcQ_A_rjft5rVVIuhZv2wTe3-=w408-h306-k-no,4.5,1431,Moderate,"Jl. Raya Klp. Kopyor No.7, RT.17/RW.2, East Kelapa Gading, Kelapa Gading, North Jakarta City, Jakarta 14240, Indonesia",Kota Jakarta Utara,"{""halal"": ""35"", ""baso"": ""24"", ""mushroom"": ""15"", ""pork_noodle"": ""14"", ""minced"": ""14"", ""chasiu"": ""11"", ""acar"": ""10"", ""kelapa"": ""9"", ""shallots"": ""6"", ""champions"": ""5""}","{""description"": ""hefty noodle dishes served with a range of toppings in a casual, compact neighborhood eatery."", ""service_options"": ""no-contact delivery, delivery, takeout, dine-in"", ""highlights"": ""fast service"", ""No accessibility"": ""wheelchair accessible parking lot, wheelchair accessible restroom, wheelchair accessible seating"", ""dining_options"": ""breakfast, brunch, lunch, dinner"", ""amenities"": ""good for kids, restroom"", ""atmosphere"": ""casual"", ""crowd"": ""groups""}",{},['tempat makan']
d53813e7-19ed-413a-b1d3-7c019dcaeab6,Makan Enak Dan Murah,https://www.google.com/maps/place/Makan+Enak+Dan+Murah/data=!4m7!3m6!1s0x2e69f65a982fc643:0x699555441b9501e7!8m2!3d-6.1689506!4d106.7831388!16s%2Fg%2F11hzxjn4fk!19sChIJQ8YvmFr2aS4R5wGVG0RVlWk?authuser=0&hl=en&rclk=1,https://streetviewpixels-pa.googleapis.com/v1/thumbnail?panoid=f5njHv6QLYJ-XoQ1mk8S6A&cb_client=search.gws-prod.gps&w=408&h=240&yaw=351.23373&pitch=0&thumbfov=100,2,1,,"3, Jl. Taman Daan Mogot Raya No.32, RT.3/RW.1, Tj. Duren Utara, Kec. Grogol petamburan, Kota Jakarta Barat, Daerah Khusus Ibukota Jakarta 11470, Indonesia",Kota Jakarta Barat,{},"{""service_options"": ""takeout, dine-in"", ""offerings"": ""halal food"", ""dining_options"": ""lunch"", ""amenities"": ""good for kids"", ""atmosphere"": ""casual, cozy"", ""crowd"": ""groups""}",{},"[""tempat makan""]"
482754e9-94a9-4eab-bbcc-dda5417db3ba,Bungalo Bambu Sadranan,https://www.google.com/maps/place/Bungalo+Bambu+Sadranan/data=!4m10!3m9!1s0x2e7bba301b8c3651:0x9b8eaa3c47ec434c!5m2!4m1!1i2!8m2!3d-8.1457041!4d110.6046104!16s%2Fg%2F11b806qkgy!19sChIJUTaMGzC6ey4RTEPsRzyqjps?authuser=0&hl=en&rclk=1,https://lh5.googleusercontent.com/p/AF1QipMHNlswHhqzvdYSEjxpqXA4pjzPXPSdkOwQTjM5=w426-h240-k-no,4.3,31,,"Pantai Sadranan, Sidoharjo, Tepus, Pule Gundes II, Sidoharjo, Kec. Tepus, Kabupaten Gunung Kidul, Daerah Istimewa Yogyakarta 55881, Indonesia",Kabupaten Gunung Kidul,{},{},{},
b565a512-0f3d-48e0-8938-d5bc307297f5,Fitand CoSpace Jakarta Pusat,https://www.google.com/maps/place/Fitand+CoSpace+Jakarta+Pusat/data=!4m7!3m6!1s0x2e69f58579388d1b:0xf299d94835238889!8m2!3d-6.1641237!4d106.8278969!16s%2Fg%2F11g4gc899w!19sChIJG404eYX1aS4RiYgjNUjZmfI?authuser=0&hl=en&rclk=1,https://lh5.googleusercontent.com/p/AF1QipPZCg96Ohrm4lZ3kiymOgxVnHzZcbIYb9SJHevH=w413-h240-k-no,4.9,29,,"Redtop Complex D7 (100 meters from Redtop Hotel Entrance, Pecenongan St Raya No.72, RT.2/RW.4, Kebon Kelapa, Gambir, Central Jakarta City, Jakarta 10120",Kota Jakarta Utara,"{""meeting"": ""5"", ""start_up_company"": ""4"", ""co-working"": ""3""}","{""No accessibility"": ""wheelchair-accessible car park, wheelchair-accessible entrance""}",{},['tempat wisata']
39927aa2-171d-4eec-8516-33cb57d2dade,Pondok Makan Lesehan Griyo Wono,https://www.google.com/maps/place/Pondok+Makan+Lesehan+Griyo+Wono/data=!4m7!3m6!1s0x2e7bb07bffffffff:0x99f6231d66d034c3!8m2!3d-8.1288283!4d110.5641866!16s%2Fg%2F11b6tblsl9!19sChIJ_____3uwey4RwzTQZh0j9pk?authuser=0&hl=en&rclk=1,https://lh5.googleusercontent.com/p/AF1QipNjvGj_Pb9vbzqy8X6lYvZywxmU7cHUlLu09cXS=w408-h306-k-no,4.2,2437,Moderate,"Ngalos, Kemadang, Tanjungsari, Gunung Kidul Regency, Special Region of Yogyakarta 55881, Indonesia",Kabupaten Gunung Kidul,"{""area"": ""178"", ""beach"": ""86"", ""parking"": ""79"", ""toilet"": ""50"", ""busses"": ""25"", ""seafood"": ""20"", ""flies"": ""18"", ""ikan_bakar"": ""18"", ""chairs"": ""13""}","{""service_options"": ""outdoor seating, no-contact delivery, delivery, takeout, dine-in"", ""accessibility"": ""wheelchair accessible restroom"", ""No accessibility"": ""wheelchair accessible entrance, wheelchair accessible parking lot, wheelchair accessible seating"", ""offerings"": ""coffee, halal food, kids' menu"", ""dining_options"": ""breakfast, brunch, lunch, dinner, catering, dessert, seating"", ""amenities"": ""good for kids, restroom"", ""atmosphere"": ""casual, cozy"", ""crowd"": ""groups"", ""planning"": ""accepts reservations"", ""payments"": ""cash-only""}",{},
18081da8-8503-47f3-81be-8264059bfe37,Swimming Pool Pantai Mutiara,https://www.google.com/maps/place/Swimming+Pool+Pantai+Mutiara/data=!4m7!3m6!1s0x2e6a1db9c5e41509:0xa76aa08c8266011c!8m2!3d-6.1074487!4d106.7909766!16s%2Fg%2F11ddxm59c_!19sChIJCRXkxbkdai4RHAFmgoygaqc?authuser=0&hl=en&rclk=1,https://lh5.googleusercontent.com/p/AF1QipMUu3C5Sb20KWr3GI8Jgj44-6XiyELMYFfejj11=w434-h240-k-no,4.5,457,,"7, Jl. Pantai Mutiara No.p/34, RT.7/RW.16, Pluit, Penjaringan, North Jakarta City, Jakarta 14450, Indonesia",Jakarta Utara,"{""sea"": ""15"", ""area"": ""8"", ""tickets"": ""7"", ""room"": ""6"", ""mosquitoes"": ""5"", ""night"": ""5"", ""people"": ""5"", ""weekend"": ""5"", ""lifeguards"": ""5"", ""clean"": ""5""}","{""accessibility"": ""wheelchair accessible entrance, wheelchair accessible parking lot""}",{},
da47d913-8427-45bc-90cf-69995629aa78,Kuwaru Beach,https://www.google.com/maps/place/Kuwaru+Beach/data=!4m7!3m6!1s0x2e7b021c00000001:0xf52a57f605404c70!8m2!3d-7.9909324!4d110.2262824!16s%2Fg%2F1pztmhf4n!19sChIJAQAAABwCey4RcExABfZXKvU?authuser=0&hl=en&rclk=1,https://lh5.googleusercontent.com/p/AF1QipOg61KWVubHzcBOAWnr4fuHhc6sbVTr0NV7fnvv=w408-h306-k-no,4.1,1302,,"265G+JGF, Kawaru, Poncosari, Kec. Srandakan, Kabupaten Bantul, Daerah Istimewa Yogyakarta 55762",Kabupaten Bantul,"{""waves"": ""49"", ""trees"": ""34"", ""abrasion"": ""26"", ""seafood"": ""14"", ""cleanliness"": ""10"", ""goa_cemara_beach"": ""6"", ""parangtritis_beach"": ""5"", ""tourism_object"": ""5""}","{""No accessibility"": ""wheelchair-accessible car park"", ""amenities"": ""good for kids""}",{},['tempat makan']
7045fd67-8cdb-41d1-a98d-fce93d21ab3a,D'Cozie Hotel by Prasanthi,https://www.google.com/maps/place/D%27Cozie+Hotel+by+Prasanthi/data=!4m10!3m9!1s0x2e69f1693b3a1589:0x1a6ea552ac68ad55!5m2!4m1!1i2!8m2!3d-6.2426106!4d106.8021876!16s%2Fg%2F11b63cll1c!19sChIJiRU6O2nxaS4RVa1orFKlbho?authuser=0&hl=en&rclk=1,https://lh3.googleusercontent.com/gps-proxy/AE4_-5GlV8m1BBv-iyjsrYTvi_-EROOhdTk9RRH4UFWRbBzUn61zIY0DYzHUMUeiL69QGGxb8U3GfNRzPBWDxKdlfDd6zS3ntD1Z3erN-K8IlpekJhLKBw8RHPmJccE7DNrcLUVEkk0EaS-Wi6JtEduPG9rfeprAzxeEnJNPii9hzJa95VcCkDTiA1S4=w408-h261-k-no,4.1,814,,"Jl. Sultan Hasanudin No.57, Melawai, Kec. Kby. Baru, Kota Jakarta Selatan, Daerah Khusus Ibukota Jakarta 12160, Indonesia",Kota Jakarta Selatan,{},{},{},
c3646b60-41e6-412e-8d21-f7b650e71cfa,Hotel Bulevar Tanjung Duren Jakarta,https://www.google.com/maps/place/Hotel+Bulevar+Tanjung+Duren+Jakarta/data=!4m10!3m9!1s0x2e69f65938391f8d:0xbf0de316c1f1d81e!5m2!4m1!1i2!8m2!3d-6.1739348!4d106.7869936!16s%2Fg%2F1tfttd68!19sChIJjR85OFn2aS4RHtjxwRbjDb8?authuser=0&hl=en&rclk=1,https://lh5.googleusercontent.com/p/AF1QipMim4cd52G_L_OuE8O0rIFn80hBDpc6oZJ-He_0=w408-h306-k-no,3.6,1272,,"10, Jl. Tanjung Duren Raya No.1, RT.1/RW.5, Tj. Duren Utara, Kec. Grogol petamburan, Kota Jakarta Barat, Daerah Khusus Ibukota Jakarta 11470, Indonesia",Kota Jakarta Barat,{},{},{},"[""penginapan""]"
96b4a718-7aaf-4b34-8866-138a72ced720,Collection O 91071 Hotel Desa Wisata Tmii,https://www.google.com/maps/place/Collection+O+91071+Hotel+Desa+Wisata+Tmii/data=!4m10!3m9!1s0x2e69ed507b740cad:0xf95df81c1215cd9f!5m2!4m1!1i2!8m2!3d-6.304598!4d106.901022!16s%2Fg%2F1pp2vjg65!19sChIJrQx0e1DtaS4Rn80VEhz4Xfk?authuser=0&hl=en&rclk=1,https://lh3.googleusercontent.com/gps-proxy/AE4_-5FwfF8FUzlMtAUssNLHaOOpb4N_HckJLLSpWKEYelmRSoNKRRu901jQvVWEnj-JjUianjb99pT64OZoigpHORPAE_WpNaJdyb1i1o3fRAKeRMTiAy1_HQ4TB3XBngXZi-ylWoZD3MTwktiIBxCrcNiYAyrdBKdza9s7dPXEU1f0rv2KRZSdKOWt=w408-h306-k-no,4.2,999,,"Jl. Raya TMII, Ceger, Kec. Cipayung, Kota Jakarta Timur, Daerah Khusus Ibukota Jakarta 13820, Indonesia",Kota Jakarta Timur,{},{},{},
518cf105-9cdd-43eb-b625-8e39c53665a7,Omah Qu,https://www.google.com/maps/place/Omah+Qu/data=!4m10!3m9!1s0x2e7a5780edf113d1:0x530ecd6c6fc66e94!5m2!4m1!1i2!8m2!3d-7.797158!4d110.374789!16s%2Fg%2F11b6dpm4xd!19sChIJ0RPx7YBXei4RlG7Gb2zNDlM?authuser=0&hl=en&rclk=1,https://lh3.googleusercontent.com/gps-proxy/AE4_-5Erb5TYkLjbZqEkdXjF9WnX0llLYwKn-__JfGBC05Qer4o0k7jIhNKiMomjTk8k0gVpKjPrTLgv4IABOX5pXzH56bPpBektB_mvDKNt2yVc5oq-C73T5Wr_BLiq2wFDMefEUOpI_yo8Tc38jDNcsht6rpAw8bhjjP852V87oOOcVJ6XRToWMaV6=w408-h612-k-no,4.5,303,,"Jl. Bausasran No.34, Purwokinanti, Pakualaman, Kota Yogyakarta, Daerah Istimewa Yogyakarta 55122, Indonesia",Kabupaten Sleman,{},{},{},
a08a6832-0784-4d33-b2d3-7678d8c76a8c,Yabbiekayu Restaurant,https://www.google.com/maps/place/Yabbiekayu+Restaurant/data=!4m7!3m6!1s0x2e7a5672d69025ef:0xb4cd15f72c7d3686!8m2!3d-7.8709826!4d110.3548693!16s%2Fg%2F11g70hb9gs!19sChIJ7yWQ1nJWei4RhjZ9LPcVzbQ?authuser=0&hl=en&rclk=1,https://lh5.googleusercontent.com/p/AF1QipMvMUbhIGy8EqIh6uwkA7TvHvOA7yj5j20FobrB=w408-h306-k-no,4.8,145,Moderate,"Jl. Parangtritis No.KM 8,5, RT.05/RW.04, Mriyan, Timbulharjo, Kec. Sewon, Kabupaten Bantul, Daerah Istimewa Yogyakarta 55186, Indonesia",Kabupaten Bantul,"{""garden"": ""19"", ""breakfast"": ""9"", ""ingredients"": ""9"", ""vegan"": ""8"", ""village"": ""7"", ""tempe"": ""4"", ""indonesian_dishes"": ""3"", ""passion_fruit"": ""3"", ""brunch"": ""3"", ""satay"": ""3""}","{""from_the_business"": ""identifies as women-owned"", ""service_options"": ""outdoor seating, curbside pickup, no-contact delivery, delivery, takeout, dine-in"", ""accessibility"": ""wheelchair accessible entrance, wheelchair accessible parking lot, wheelchair accessible restroom, wheelchair accessible seating"", ""offerings"": ""coffee, halal food, kids' menu, organic dishes, vegan options, vegetarian options"", ""dining_options"": ""breakfast, brunch, lunch, dinner, catering, counter service, dessert, seating"", ""amenities"": ""dogs allowed, gender-neutral restroom, good for kids, high chairs, restroom, wi-fi, free wi-fi"", ""atmosphere"": ""casual, cozy"", ""crowd"": ""family-friendly, groups"", ""planning"": ""accepts reservations"", ""payments"": ""debit cards, credit cards""}",{},
f3ee7efc-14c1-4e69-8c1a-7fcb545f9047,Nasi Kuning Plus Plus,https://www.google.com/maps/place/Nasi+Kuning+Plus+Plus/data=!4m7!3m6!1s0x2e69f528e5e0943f:0x2beb326fc373c648!8m2!3d-6.1702707!4d106.9027525!16s%2Fg%2F11bwnxz9sx!19sChIJP5Tg5Sj1aS4RSMZzw28y6ys?authuser=0&hl=en&rclk=1,https://lh5.googleusercontent.com/p/AF1QipM-D1OCiji-7RlOmLIhf5PUtT-R0_4md_Xu3TWj=w408-h725-k-no,4.7,684,Inexpensive,"Jl. Raya Klp. Kopyor No.18, RW.2, Klp. Gading Tim., Kec. Klp. Gading, Jkt Utara, Daerah Khusus Ibukota Jakarta 14240, Indonesia",Kota Jakarta Utara,"{""public_service"": ""40"", ""umami"": ""26"", ""working_class"": ""20"", ""tumpeng"": ""13"", ""kids"": ""11"", ""drivers"": ""11"", ""kelapa"": ""9"", ""birthday"": ""7"", ""duck"": ""7"", ""stars"": ""6""}","{""service_options"": ""no-contact delivery, delivery, takeout, dine-in"", ""No accessibility"": ""wheelchair accessible seating"", ""offerings"": ""halal food, kids' menu"", ""dining_options"": ""breakfast, lunch, dinner"", ""amenities"": ""good for kids, restroom"", ""atmosphere"": ""casual, cozy"", ""crowd"": ""groups""}",{},['tempat makan']
472f7433-9f5a-43a6-b066-12a9a31191dd,Marunda Spot Hunting,https://www.google.com/maps/place/Marunda+Spot+Hunting/data=!4m7!3m6!1s0x2e6a20ff13bdc68f:0xb517c53638698df7!8m2!3d-6.0938327!4d106.9611971!16s%2Fg%2F11cjhzgg9n!19sChIJj8a9E_8gai4R941pODbFF7U?authuser=0&hl=en&rclk=1,https://lh5.googleusercontent.com/p/AF1QipMHxa5CrhVFMLOz2BsVNkL1zaTpzUpRPO7d9rta=w408-h544-k-no,4.3,134,,"WX46+FF8, RT.4/RW.7, Marunda, Cilincing, North Jakarta City, Jakarta 14150, Indonesia",Jakarta Utara,"{""beach"": ""7"", ""bangus"": ""5"", ""waste"": ""4"", ""clam"": ""3""}","{""description"": ""historic dutch cemetery featuring old tombs, statues & a museum with local history exhibits."", ""accessibility"": ""wheelchair accessible entrance, wheelchair accessible parking lot"", ""No accessibility"": ""wheelchair accessible restroom"", ""amenities"": ""good for kids, restroom"", ""No amenities"": ""restaurant""}",{},
6d6a136c-84ce-45d7-86e6-dfbb6a580d16,YELLO Hotel Manggarai - Jakarta,https://www.google.com/maps/place/YELLO+Hotel+Manggarai+-+Jakarta/data=!4m10!3m9!1s0x2e69f473a25503c3:0x6b66f2a7cfa0b0f9!5m2!4m1!1i2!8m2!3d-6.2106164!4d106.8454406!16s%2Fg%2F11c2nmnsg4!19sChIJwwNVonP0aS4R-bCgz6fyZms?authuser=0&hl=en&rclk=1,https://lh3.googleusercontent.com/gps-proxy/AE4_-5HXXFWkzD2rBOoqqpNYebjzANgVfCUlxdH8gXWEnAydgK_naIEjZeZ6CIzTzEo5odUNppmVAz7yvkLdDHyScEmcSCcKiYDnobf2A_aWVzhH-nzW3gYcAfa6WJnBEJzWn0WMcxAU-RcNado-g3xISoN4Ew6tWU6Q0N2fLjPAg2gSkuIQc6OXSE_caQ=w408-h272-k-no,4.5,4188,,"Jl. Minangkabau Timur No.9, RT.6/RW.8, Ps. Manggis, Kecamatan Setiabudi, Kota Jakarta Selatan, Daerah Khusus Ibukota Jakarta 12970, Indonesia",Kota Jakarta Selatan,{},{},{},"[""penginapan""]"
09a2c5a9-4d61-41e6-ad22-831e98b215cd,Ampera Avenue Residence,https://www.google.com/maps/place/Ampera+Avenue+Residence/data=!4m10!3m9!1s0x2e69f21da708f5ef:0x78a8a92278a114d5!5m2!4m1!1i2!8m2!3d-6.2862878!4d106.8198649!16s%2Fg%2F11bcfbshn2!19sChIJ7_UIpx3yaS4R1RSheCKpqHg?authuser=0&hl=en&rclk=1,https://lh5.googleusercontent.com/p/AF1QipOLnZE2H17eUImofoUBFjikyUcGNScoKep2og2D=w408-h306-k-no,4.7,562,,"no. 60 Pasar Minggu,, Jl. Ampera I No.1, RT.2/RW.9, Ragunan, Jakarta Selatan, Kota Jakarta Selatan, Daerah Khusus Ibukota Jakarta 12560, Indonesia",Kota Jakarta Selatan,{},{},{},['penginapan']
47abd68e-8454-4e71-841e-5eede61eebd4,RedDoorz Plus near Blok M Square,https://www.google.com/maps/place/RedDoorz+Plus+near+Blok+M+Square/data=!4m10!3m9!1s0x2e69f1e070744c1f:0x332116c3f24d9783!5m2!4m1!1i2!8m2!3d-6.241957!4d106.8021911!16s%2Fg%2F11hdqxlfs4!19sChIJH0x0cODxaS4Rg5dN8sMWITM?authuser=0&hl=en&rclk=1,https://lh5.googleusercontent.com/p/AF1QipPv8pypMiu_SfE9-wl255XlX6jYtFu70QoF8VTK=w408-h272-k-no,4.1,101,,"6, Jl. Sultan Hasanudin No.43, RT.2/RW.2, Melawai, Kec. Kby. Baru, Kota Jakarta Selatan, Daerah Khusus Ibukota Jakarta 12160, Indonesia",Kota Jakarta Selatan,{},{},{},
61938263-07b2-48a1-abd6-224d7abb13d4,Grand Whiz Poins Simatupang Jakarta,https://www.google.com/maps/place/Grand+Whiz+Poins+Simatupang+Jakarta/data=!4m10!3m9!1s0x2e69f1ce1980d2a3:0xe6757bc534626033!5m2!4m1!1i2!8m2!3d-6.2899351!4d106.7775986!16s%2Fg%2F11c2jl0gy8!19sChIJo9KAGc7xaS4RM2BiNMV7deY?authuser=0&hl=en&rclk=1,https://lh5.googleusercontent.com/p/AF1QipNA08ouqCo3PBeBT3OrFfiMPcjFoZJpQN3wW22-=w408-h244-k-no,4.5,3595,,"Jl. R.A. Kartini No.1, RW.7, Lb. Bulus, Kec. Cilandak, Kota Jakarta Selatan, Daerah Khusus Ibukota Jakarta 12440, Indonesia",Kota Jakarta Selatan,{},{},{},['penginapan']
e3c5809d-f623-4b2a-a9a2-9261d135b70a,Cinto Minang,https://www.google.com/maps/place/Cinto+Minang/data=!4m7!3m6!1s0x2e69f5343cb77cbf:0xb4464322a65216ad!8m2!3d-6.1697062!4d106.9006121!16s%2Fg%2F1tf8jqnx!19sChIJv3y3PDT1aS4RrRZSpiJDRrQ?authuser=0&hl=en&rclk=1,https://lh5.googleusercontent.com/p/AF1QipPaq35ongMWVCrPx8uuKCpVG5G5NDafxSP2x6F8=w408-h544-k-no,4.5,99,,"Jl. Summagung III No. 3 Sumurbandung Jakarta Utara DKI Jakarta, RT.12/RW.18, Klp. Gading Tim., Kec. Klp. Gading, Jkt Utara, Daerah Khusus Ibukota Jakarta 14240, Indonesia",Kota Jakarta Utara,"{""rendang"": ""3"", ""price"": ""3""}","{""service_options"": ""no-contact delivery, delivery, takeout, dine-in"", ""No accessibility"": ""wheelchair accessible parking lot, wheelchair accessible seating"", ""offerings"": ""halal food"", ""dining_options"": ""lunch, dinner"", ""amenities"": ""good for kids, restroom"", ""atmosphere"": ""casual, cozy"", ""planning"": ""accepts reservations""}",{},['tempat makan']
8ce67dc2-97c2-4669-ae96-aec1687760fd,Ngopi,https://www.google.com/maps/place/Ngopi/data=!4m7!3m6!1s0x2e69f7a6a615e0f9:0x84ae0d803f46a99d!8m2!3d-6.2040902!4d106.8085958!16s%2Fg%2F11sk5yyyd5!19sChIJ-eAVpqb3aS4RnalGP4ANroQ?authuser=0&hl=en&rclk=1,https://streetviewpixels-pa.googleapis.com/v1/thumbnail?panoid=3qsKLrNExrB0F7u8DtCAIQ&cb_client=search.gws-prod.gps&w=408&h=240&yaw=233.46729&pitch=0&thumbfov=100,,,,"QRW5+9F2, RT.10/RW.6, Bendungan Hilir, Tanah Abang, Central Jakarta City, Jakarta 10210, Indonesia",Kota Jakarta Pusat,{},"{""description"": ""this quaint green space around a fishing pond has shade trees, paved paths & kids' play equipment."", ""accessibility"": ""wheelchair accessible entrance"", ""No accessibility"": ""wheelchair accessible parking lot"", ""amenities"": ""dogs allowed, good for kids, public restroom, slides, swings""}",,
881e37d2-f260-49f4-9d6f-b05e820bb718,"Sunrise House - Exclusive Kost and Homestay | Jakarta Selatan, Indonesia","https://www.google.com/maps/place/Sunrise+House+-+Exclusive+Kost+and+Homestay+%7C+Jakarta+Selatan,+Indonesia/data=!4m10!3m9!1s0x2e69f41b387d91bf:0x7c0598dd4ea1b50f!5m2!4m1!1i2!8m2!3d-6.2064929!4d106.8251051!16s%2Fg%2F11c3k2w0td!19sChIJv5F9OBv0aS4RD7WhTt2YBXw?authuser=0&hl=en&rclk=1",https://lh3.googleusercontent.com/gps-proxy/AE4_-5EQdL6txUvwJjJECbxdMx2zb3lErumSAUPRN2YmmttrouQHmaJyYyjVOpj9ZrHDvEDUxtjIUENIxZKJrkq-AbAzApsZp7i--Bk4FLN8kVXtCPzn-0uBceAVrGvIwzp7GraCC_HR2e7TXJvoZ6bKHIqg53PTaOUPiqGLLY-GSg0iJI7M-H29UkLrVA=w408-h272-k-no,4.2,316,,"Jl. Setiabudi VI No.45, RW.3, Kuningan, Setia Budi, Kecamatan Setiabudi, Kota Jakarta Selatan, Daerah Khusus Ibukota Jakarta 12910, Indonesia",Kota Jakarta Selatan,{},{},{},['penginapan']
2a80d7b8-d7ae-4371-844f-a892755c9c08,Bakmi Gading Permai (BGP ),https://www.google.com/maps/place/Bakmi+Gading+Permai+%28BGP+%29/data=!4m7!3m6!1s0x2e69f54b092e446d:0xf4762c7a755b98f0!8m2!3d-6.1498198!4d106.9096274!16s%2Fg%2F11gf9pjjkd!19sChIJbUQuCUv1aS4R8JhbdXosdvQ?authuser=0&hl=en&rclk=1,https://lh5.googleusercontent.com/p/AF1QipPOpnoxx3KsAekSo3V6mWAlHiQ3zUXTDM8DPhGS=w408-h269-k-no,4.6,2510,,"Jl. Boulevard Raya Blok PD 1 No.12, RW.6, Pegangsaan Dua, Kec. Klp. Gading, Jkt Utara, Daerah Khusus Ibukota Jakarta 14240, Indonesia",Kota Jakarta Utara,"{""pork"": ""80"", ""nasi_goreng"": ""73"", ""halal"": ""42"", ""waitress"": ""23"", ""cap_cai"": ""17"", ""bintang_gading"": ""15"", ""cuisine"": ""13"", ""clean"": ""12"", ""honey"": ""10"", ""siomay"": ""9""}","{""service_options"": ""no-contact delivery, delivery, takeout, dine-in"", ""No accessibility"": ""wheelchair accessible parking lot, wheelchair accessible restroom"", ""dining_options"": ""seating"", ""amenities"": ""restroom"", ""atmosphere"": ""casual"", ""crowd"": ""family-friendly"", ""payments"": ""debit cards, nfc mobile payments, credit cards""}",{},['tempat makan']
92b611e3-9453-405b-ac56-c660f2e269ec,Crown Golf,https://www.google.com/maps/place/Crown+Golf/data=!4m7!3m6!1s0x2e6a1d3c0fb21927:0x6ec95f886d0c9f94!8m2!3d-6.1117161!4d106.7420326!16s%2Fg%2F1ptxshq1y!19sChIJJxmyDzwdai4RlJ8MbYhfyW4?authuser=0&hl=en&rclk=1,https://lh5.googleusercontent.com/p/AF1QipNxRJFRlhEHNdmCByqmx3mHtuW5Wdh8tOBb5hAq=w408-h544-k-no,4.2,178,,"Ruko Crown Golf PIK, Jl. Marina Raya No.7, RT.7/RW.2, Kamal Muara, Kec. Penjaringan, Jkt Utara, Daerah Khusus Ibukota Jakarta 14470, Indonesia",Jakarta Utara,"{""housing_estate"": ""5""}","{""No accessibility"": ""wheelchair accessible entrance, wheelchair accessible parking lot""}",,
8591e332-da71-4f64-bf8c-d68916ae2588,Dea Lokha HOTEL,https://www.google.com/maps/place/Dea+Lokha+HOTEL/data=!4m10!3m9!1s0x2e7bb3db3355f303:0xd82c70d83166eed4!5m2!4m1!1i2!8m2!3d-7.956326!4d110.5917719!16s%2Fg%2F11fpq6jvvl!19sChIJA_NVM9uzey4R1O5mMdhwLNg?authuser=0&hl=en&rclk=1,https://lh5.googleusercontent.com/p/AF1QipN00aBHMlZdBCFY5a2dkzKTfdsULFmCD05RxQ5T=w408-h510-k-no,4.6,402,,"Jl. KH Agus Salim No.148, Ledoksari, Kepek, Kec. Wonosari, Kabupaten Gunung Kidul, Daerah Istimewa Yogyakarta 55813, Indonesia",Kabupaten Gunung Kidul,{},{},{},
a222d8af-6e1b-42d3-a208-5d5f31d38223,Harris Hotel Tebet - Jakarta,https://www.google.com/maps/place/Harris+Hotel+Tebet+-+Jakarta/data=!4m10!3m9!1s0x2e698daabd8de8b5:0x2e9f64b149881949!5m2!4m1!1i2!8m2!3d-6.2230159!4d106.8479561!16s%2Fg%2F1v2bnctb!19sChIJteiNvaqNaS4RSRmISbFkny4?authuser=0&hl=en&rclk=1,https://lh3.googleusercontent.com/gps-proxy/AE4_-5F036m2-s9U8y4xU6J4GEviVslZBwKapItJ7deqcEwSPYkaYA0q-goY7FbEhTqxVdobLd8px3UJCWPycKcM8mbpRyBvT1x_KhG28YWKR_1SWVBnPB7JyKp-f8p1A6-74d6tI-N-z110Aslk8x7z4wNFrjEMsiytq5265NphiByKXNJEVgX7-eXw-w=w408-h271-k-no,4.4,6678,,"Jl. Dr. Saharjo No.191, RT.6/RW.1, Manggarai Sel., Kec. Tebet, Kota Jakarta Selatan, Daerah Khusus Ibukota Jakarta 12960, Indonesia",Kota Jakarta Selatan,{},{},{},"[""penginapan""]"
a5e5bae0-5387-44bd-95df-30fa20d3d493,Rumah Makan Ibu Halimah,https://www.google.com/maps/place/Rumah+Makan+Ibu+Halimah/data=!4m7!3m6!1s0x2e6a1ffc2571f591:0x4fa993ad1fed27af!8m2!3d-6.1298903!4d106.9056536!16s%2Fg%2F11b5pk6gfv!19sChIJkfVxJfwfai4RryftH62TqU8?authuser=0&hl=en&rclk=1,https://lh5.googleusercontent.com/p/AF1QipOJLQB4GPlXEbDHtK6ar37uj8q89wRM3SYMd8lm=w408-h306-k-no,4.3,23,Inexpensive,"Jl. Plumpang Semper No.8, RW.1, Tugu Sel., Kec. Koja, Jkt Utara, Daerah Khusus Ibukota Jakarta 14260, Indonesia",Kota Jakarta Utara,{},"{""service_options"": ""takeout, dine-in"", ""No accessibility"": ""wheelchair accessible parking lot, wheelchair accessible seating"", ""offerings"": ""coffee, halal food"", ""dining_options"": ""lunch"", ""amenities"": ""good for kids"", ""atmosphere"": ""casual, cozy"", ""payments"": ""cash-only""}",{},"[""tempat makan""]"
1365df92-0be2-4584-ab56-4cb2c16f0677,De Green Inn Kebon Jeruk,https://www.google.com/maps/place/De+Green+Inn+Kebon+Jeruk/data=!4m10!3m9!1s0x2e69f788b2617f67:0x3c94891ca22640f2!5m2!4m1!1i2!8m2!3d-6.2023063!4d106.7635551!16s%2Fg%2F11ft6yhntj!19sChIJZ39hsoj3aS4R8kAmohyJlDw?authuser=0&hl=en&rclk=1,https://lh5.googleusercontent.com/p/AF1QipPsjkcwVRUMRlfjKQs3Hlr9qmZsVJBRKxupvD6i=w408-h306-k-no,4,49,,"RT.8/RW.7, Srengseng, Kec. Kembangan, Kota Jakarta Barat, Daerah Khusus Ibukota Jakarta 11630, Indonesia",Kota Jakarta Barat,{},{},{},"[""penginapan""]"
9d5648a3-b413-4d89-b7cb-102adf2714ec,Lesehan Anas Mandiri,https://www.google.com/maps/place/Lesehan+Anas+Mandiri/data=!4m7!3m6!1s0x2e7a569b49be5c1f:0x2f46e249b53c33c3!8m2!3d-7.8720234!4d110.3911901!16s%2Fg%2F11c4bdm7x9!19sChIJH1y-SZtWei4RwzM8tUniRi8?authuser=0&hl=en&rclk=1,https://lh5.googleusercontent.com/p/AF1QipP-YJiD70rpUXiqEV3Wtqzu4InpA6TMSeg-fxtn=w426-h240-k-no,4.2,343,Moderate,"49HR+5FW, Jl. Imogiri Tim., Wonokromo II, Wonokromo, Kec. Pleret, Kabupaten Bantul, Daerah Istimewa Yogyakarta 55781, Indonesia",Kabupaten Bantul,"{""price"": ""32"", ""area"": ""23"", ""family"": ""21"", ""pond"": ""9"", ""gurame"": ""8"", ""nasi"": ""6"", ""sambal"": ""6"", ""meeting"": ""5"", ""nile_tilapia"": ""5"", ""parking"": ""5""}","{""service_options"": ""outdoor seating, no-contact delivery, delivery, takeout, dine-in"", ""No accessibility"": ""wheelchair accessible entrance, wheelchair accessible parking lot, wheelchair accessible seating"", ""offerings"": ""coffee, halal food, kids' menu"", ""dining_options"": ""lunch, dinner, seating"", ""amenities"": ""good for kids, restroom"", ""atmosphere"": ""casual, cozy"", ""crowd"": ""groups"", ""planning"": ""accepts reservations"", ""payments"": ""cash-only""}",{},
ac14ebed-22b2-42b3-bb35-6217fcedf345,favehotel Zainul Arifin,https://www.google.com/maps/place/favehotel+Zainul+Arifin/data=!4m10!3m9!1s0x2e69f675e9bf810d:0x153b653af7165e6e!5m2!4m1!1i2!8m2!3d-6.160501!4d106.816456!16s%2Fg%2F11b866mrk2!19sChIJDYG_6XX2aS4Rbl4W9zplOxU?authuser=0&hl=en&rclk=1,https://lh5.googleusercontent.com/p/AF1QipMBnpU0RW_2cGmBAxHBIBxDpo-0eDrdJ7dChBur=w408-h272-k-no,4.3,1824,,"Jl. Kyai Haji Zainul Arifin No.15-17, RT.5/RW.1, Petojo Utara, Kecamatan Gambir, Kota Jakarta Pusat, Daerah Khusus Ibukota Jakarta 10130, Indonesia",Kota Jakarta Barat,{},{},,
84bffd84-9971-4480-8249-5e8b32039334,POP! Hotel Tebet,https://www.google.com/maps/place/POP!+Hotel+Tebet/data=!4m10!3m9!1s0x2e69f39467ad06a1:0xd058dd3b57f592a9!5m2!4m1!1i2!8m2!3d-6.2330426!4d106.8450184!16s%2Fg%2F1yfprvz4b!19sChIJoQatZ5TzaS4RqZL1VzvdWNA?authuser=0&hl=en&rclk=1,https://lh5.googleusercontent.com/p/AF1QipOLpVGZFkxSXh_zwsCSeSbtoA-ShbLLDqIeeD8E=w408-h306-k-no,4.2,2971,,"Jl. Prof. DR. Soepomo No.29, Tebet Bar., Kec. Tebet, Kota Jakarta Selatan, Daerah Khusus Ibukota Jakarta 12810, Indonesia",Kota Jakarta Selatan,{},{},{},
7b0d8a1b-7936-4bf2-b0d0-c4feb39c7bcb,Kolam Renang Rawa Badak,https://www.google.com/maps/place/Kolam+Renang+Rawa+Badak/data=!4m7!3m6!1s0x2e6a1fe5072565d7:0xb88bf03d799b1433!8m2!3d-6.1262851!4d106.8977227!16s%2Fg%2F11gd67vrbx!19sChIJ12UlB-Ufai4RMxSbeT3wi7g?authuser=0&hl=en&rclk=1,https://lh5.googleusercontent.com/p/AF1QipMiDPlOnc-yBBcPD9CSIOCLLZ8K_I3HpgjmJ3DQ=w408-h306-k-no,4.2,252,,"Jl. Alur Laut, Rawabadak Sel., Kec. Koja, Jkt Utara, Daerah Khusus Ibukota Jakarta 14230, Indonesia",Jakarta Utara,"{""tickets"": ""11"", ""price"": ""9"", ""area"": ""7"", ""cleanliness"": ""6"", ""territory"": ""4"", ""weekend"": ""4"", ""bryophyte"": ""3"", ""smell"": ""3"", ""system"": ""3"", ""cost"": ""3""}","{""description"": ""urban park created in 1920 featuring a series of sculptures & fountains, plus paved paths & benches."", ""accessibility"": ""wheelchair accessible entrance, wheelchair accessible parking lot"", ""amenities"": ""dogs allowed, good for kids, public restroom""}",,
b13d72d1-d9ce-4afa-ac4c-ce2c45ce0120,Nara Kupu Jogja,https://www.google.com/maps/place/Nara+Kupu+Jogja/data=!4m7!3m6!1s0x2e7a5f7920db5f65:0xc0d43d3bde3d57ca!8m2!3d-7.6442356!4d110.4147947!16s%2Fg%2F11q3cq9dj0!19sChIJZV_bIHlfei4Rylc93js91MA?authuser=0&hl=en&rclk=1,https://lh5.googleusercontent.com/p/AF1QipONWd3sm0k7SqPllUI6aGr0lUkNpyPWr-HjMKiu=w426-h240-k-no,4.5,188,,"Pandanpuro, Hargobinangun, Kabupaten Sleman, Daerah Istimewa Yogyakarta 55582, Indonesia",Kabupaten Sleman,"{""area"": ""43"", ""deer"": ""23"", ""family"": ""18"", ""mount_merapi"": ""15"", ""vegetables"": ""14"", ""parking"": ""13"", ""prices"": ""11"", ""cold"": ""10"", ""livestock_housing"": ""6"", ""fish_pond"": ""5""}","{""amenities"": ""good for kids""}",{},"[""tempat wisata""]"
63295ebe-4e60-48bd-a7a0-4ac0371bba2a,RedDoorz Plus @ Tendean,https://www.google.com/maps/place/RedDoorz+Plus+@+Tendean/data=!4m10!3m9!1s0x2e69f3de33df1679:0x5755f51e1c55bf90!5m2!4m1!1i2!8m2!3d-6.2386774!4d106.8213018!16s%2Fg%2F11cjhzq97p!19sChIJeRbfM97zaS4RkL9VHB71VVc?authuser=0&hl=en&rclk=1,https://lh5.googleusercontent.com/p/AF1QipMwsMZv_ZLRcZ1XZ2hMJAq5t05nmzxgInOmb28s=w408-h272-k-no,4.6,215,,"Jl. Wijaya Karta Raya Jl. Kapten Tendean No.C3, RW.3, Kuningan Bar., Kec. Mampang Prpt., Kota Jakarta Selatan, Daerah Khusus Ibukota Jakarta 12710, Indonesia",Kota Jakarta Selatan,{},{},{},
153ef305-7f13-43ff-8769-f284d78834bf,"Warung Makan Sate Kambing "" Tiban I "" jl.imogiri barat km 8 sudimoro bantul",https://www.google.com/maps/place/Warung+Makan+Sate+Kambing+%22+Tiban+I+%22+jl.imogiri+barat+km+8+sudimoro+bantul/data=!4m7!3m6!1s0x2e7a5789f14653ed:0xcb02bb2370923fdd!8m2!3d-7.8690715!4d110.3746689!16s%2Fg%2F11h46kt2nx!19sChIJ7VNG8YlXei4R3T-ScCO7Ass?authuser=0&hl=en&rclk=1,https://lh5.googleusercontent.com/p/AF1QipODfVHvjfIgGcL-TMc89x5v1JViI1YZOF9VZ-Tw=w408-h306-k-no,4.7,13,,"Jl. Imogiri Barat No.km 8, Sudimoro, Timbulharjo, Kec. Sewon, Kabupaten Bantul, Daerah Istimewa Yogyakarta 55186, Indonesia",Kabupaten Bantul,"{""plush"": ""3""}","{""service_options"": ""delivery, takeout, dine-in"", ""No accessibility"": ""wheelchair accessible seating"", ""offerings"": ""coffee, halal food"", ""dining_options"": ""lunch"", ""amenities"": ""good for kids"", ""atmosphere"": ""casual, cozy"", ""crowd"": ""groups"", ""payments"": ""cash-only""}",{},
6a841567-9a66-4be6-84ee-75c64b24edc4,Warung Makan Barokah,https://www.google.com/maps/place/Warung+Makan+Barokah/data=!4m7!3m6!1s0x2e7a55af1fae1b13:0x7f32345cc53c7f!8m2!3d-7.9128901!4d110.3694272!16s%2Fg%2F11cnm7jqlm!19sChIJExuuH69Vei4RfzzFXDQyfwA?authuser=0&hl=en&rclk=1,https://lh5.googleusercontent.com/p/AF1QipOcQB56r5X2e64bIHR47X4Rc4E8_VEB7k3CRKkQ=w408-h306-k-no,4.3,485,,"39P9+RQV, Pulo Kadang, Canden, Kec. Bantul, Bantul Regency, Special Region of Yogyakarta 55781, Indonesia",Kabupaten Bantul,"{""soto"": ""47"", ""area"": ""15"", ""bakso"": ""11"", ""heat"": ""10"", ""nasi_campur"": ""9"", ""breakfast"": ""8"", ""region"": ""6"", ""drinking_water"": ""5"", ""family"": ""5"", ""tempeh"": ""5""}","{""service_options"": ""outdoor seating, takeout, dine-in"", ""No accessibility"": ""wheelchair accessible seating"", ""offerings"": ""coffee, halal food, kids' menu"", ""dining_options"": ""breakfast, lunch, catering, seating"", ""amenities"": ""good for kids, restroom"", ""atmosphere"": ""casual, cozy"", ""crowd"": ""groups"", ""planning"": ""accepts reservations"", ""payments"": ""cash-only""}",{},
e29da3bf-fcc1-4d49-a411-2a7316e38ea7,Punthuk Mongkrong,https://www.google.com/maps/place/Punthuk+Mongkrong/data=!4m7!3m6!1s0x2e7a8d2decb4bde9:0x705f1bbd610ec241!8m2!3d-7.6345!4d110.174606!16s%2Fg%2F11clt0y2pf!19sChIJ6b207C2Nei4RQcIOYb0bX3A?authuser=0&hl=en&rclk=1,https://lh5.googleusercontent.com/p/AF1QipNqT8seLyJUnqjHLel65OXhM61BP5seUJ7yzami=w408-h253-k-no,4.3,450,,"Desa Giritengah, Kec. Borobudur, Olgung, Giripurno, Kec. Borobudur, Kabupaten Magelang, Jawa Tengah 56553, Indonesia",Kabupaten Sleman,"{""sunrise"": ""41"", ""motorcycle"": ""19"", ""scenery"": ""17"", ""borobudur_temple"": ""15"", ""photos"": ""15"", ""tickets"": ""8"", ""mount_merbabu"": ""5"", ""merapi"": ""5"", ""hunting"": ""5"", ""liver"": ""5""}","{""description"": ""high-altitude observation spot with panoramas of forested peaks, popular for its sunrises & sunsets."", ""No accessibility"": ""wheelchair accessible entrance, wheelchair accessible parking lot""}",{},['things to do']
d0223010-623b-4522-87b2-be73e0110b14,Cipta Hotel Pancoran,https://www.google.com/maps/place/Cipta+Hotel+Pancoran/data=!4m10!3m9!1s0x2e69f3b83c2fb743:0xa16c06999d86bbcf!5m2!4m1!1i2!8m2!3d-6.2472477!4d106.8434107!16s%2Fg%2F11b6gn96r_!19sChIJQ7cvPLjzaS4Rz7uGnZkGbKE?authuser=0&hl=en&rclk=1,https://lh5.googleusercontent.com/p/AF1QipOQf6RzDjdKhLxCtkZOynuvYvv7hTyvkW_WnlQK=w480-h240-k-no,4.3,1897,,"Jl. Raya Pasar Minggu No.Kav. 19, Pancoran, Kec. Pancoran, Kota Jakarta Selatan, Daerah Khusus Ibukota Jakarta 12780, Indonesia",Kota Jakarta Selatan,{},{},{},['penginapan']
274ed9da-0d9b-4b13-9d1c-243cf8966de1,Warung Inyong,https://www.google.com/maps/place/Warung+Inyong/data=!4m7!3m6!1s0x2e7a59047fff5e3f:0x3d2a94ec79dbe0c9!8m2!3d-7.7611287!4d110.3714063!16s%2Fg%2F11b8v9ymhh!19sChIJP17_fwRZei4RyeDbeeyUKj0?authuser=0&hl=en&rclk=1,https://lh5.googleusercontent.com/p/AF1QipPH-2VuO25qKggFm_llPvPcqwtqSkdk0-RDVeZA=w408-h544-k-no,4.5,1232,Inexpensive,"Jl. Selokan Mataram, Pogung Kidul, Sinduadi, Kec. Mlati, Kabupaten Sleman, Daerah Istimewa Yogyakarta 55284, Indonesia",Kabupaten Sleman,"{""area"": ""63"", ""college_students"": ""62"", ""meeting"": ""26"", ""rice_field"": ""16"", ""lectures"": ""14"", ""cats"": ""12"", ""gadjah_mada_university"": ""11"", ""alley"": ""10"", ""campus"": ""10"", ""apartment"": ""8""}","{""service_options"": ""outdoor seating, no-contact delivery, delivery, takeout, dine-in"", ""highlights"": ""fast service"", ""No accessibility"": ""wheelchair accessible entrance, wheelchair accessible parking lot, wheelchair accessible restroom, wheelchair accessible seating"", ""offerings"": ""coffee, halal food, healthy options, kids' menu, quick bite, vegetarian options"", ""dining_options"": ""breakfast, brunch, lunch, dinner, dessert, seating"", ""amenities"": ""good for kids, restroom"", ""atmosphere"": ""casual, cozy"", ""crowd"": ""groups"", ""planning"": ""accepts reservations""}",{},"[""tempat makan""]"
212bc856-d4eb-49e4-9817-7c41540ab271,Panggung Sopingen,https://www.google.com/maps/place/Panggung+Sopingen/data=!4m7!3m6!1s0x2e7a5719b19ea785:0x10ba09850ca9f02d!8m2!3d-7.8269702!4d110.3989735!16s%2Fg%2F11d_7zp8qc!19sChIJhaeesRlXei4RLfCpDIUJuhA?authuser=0&hl=en&rclk=1,https://lh5.googleusercontent.com/p/AF1QipO19GuoY1tQEOQj0t7eMQKkSj7H5KZA8Gf6WpU7=w408-h244-k-no,4.4,24,,"Gg. Kp. Pekaten No.870, Prenggan, Kec. Kotagede, Kota Yogyakarta, Daerah Istimewa Yogyakarta 55172",Kabupaten Bantul,{},"{""amenities"": ""good for kids""}",{},['tempat makan']
ee64c877-8a7e-4827-8704-e88ede897b82,ASTON Bellevue Radio Dalam,https://www.google.com/maps/place/ASTON+Bellevue+Radio+Dalam/data=!4m10!3m9!1s0x2e69f1a15325b43b:0x6df1fe4fe922fdea!5m2!4m1!1i2!8m2!3d-6.264002!4d106.788398!16s%2Fg%2F11h1ktzfq!19sChIJO7QlU6HxaS4R6v0i6U_-8W0?authuser=0&hl=en&rclk=1,https://lh5.googleusercontent.com/p/AF1QipOakJTr4TSjxWylm_8qPhiPPj8z29_N1WDju2sb=w408-h342-k-no,4.4,3411,,"Jl. H. Nawi Raya Jl. Radio Dalam Raya No.1, RT.3/RW.1, Gandaria Utara, Kec. Cilandak, Kota Jakarta Selatan, Daerah Khusus Ibukota Jakarta 12420, Indonesia",Kota Jakarta Selatan,{},{},{},
340ac159-5b85-4e4c-a4e7-e6cdee137dc4,Hotel NEO Puri Indah - Jakarta,https://www.google.com/maps/place/Hotel+NEO+Puri+Indah+-+Jakarta/data=!4m10!3m9!1s0x2e69f7accb7b6ca5:0x547491332d4d6c7e!5m2!4m1!1i2!8m2!3d-6.1844488!4d106.736229!16s%2Fg%2F11rf7y0vtc!19sChIJpWx7y6z3aS4RfmxNLTORdFQ?authuser=0&hl=en&rclk=1,https://lh5.googleusercontent.com/p/AF1QipMR8yZp1MMfPD-LGmmn4FZqDxEZSRBMf8rHCwxv=w408-h544-k-no,4.7,1367,,"Jl. Kembangan Raya No.8, Kembangan Utara, Kec. Kembangan, Kota Jakarta Barat, Daerah Khusus Ibukota Jakarta 11610, Indonesia",Kota Jakarta Barat,{},{},{},"[""penginapan""]"
59972f0c-8f68-4bae-ab55-23cd422dcbf4,Hotel NEO+ Kebayoran,https://www.google.com/maps/place/Hotel+NEO%2B+Kebayoran/data=!4m10!3m9!1s0x2e69f1217a074ae1:0x2b0f02bad3f7bad2!5m2!4m1!1i2!8m2!3d-6.2380194!4d106.7778809!16s%2Fg%2F11d_9jgg7t!19sChIJ4UoHeiHxaS4R0rr307oCDys?authuser=0&hl=en&rclk=1,https://lh5.googleusercontent.com/p/AF1QipNnxMHUtUGojdS3LtNgVZKUZW5klA8YdvYyenMJ=w408-h307-k-no,4.4,3016,,"Jl. Ciledug Raya No.35, Cipulir, Kec. Kby. Lama, Kota Jakarta Selatan, Daerah Khusus Ibukota Jakarta 12230, Indonesia",Kota Jakarta Selatan,{},{},{},"[""penginapan""]"
ca0f5998-e75d-436b-ad55-ed733bb4823e,RM Mangunan Baru,https://www.google.com/maps/place/RM+Mangunan+Baru/data=!4m7!3m6!1s0x2e7a53617e5a8b79:0xb795ae91a8c72125!8m2!3d-7.9318416!4d110.4295033!16s%2Fg%2F11c6tt__lq!19sChIJeYtafmFTei4RJSHHqJGulbc?authuser=0&hl=en&rclk=1,https://lh5.googleusercontent.com/p/AF1QipMPIZlVeKiSTnQhHgHGBqMhIwPcw0hv9V2b6kNw=w408-h306-k-no,4.3,63,,"3C9H+7R6, Jl. Mangunan, Mangunan, Kec. Dlingo, Kabupaten Bantul, Daerah Istimewa Yogyakarta 55783, Indonesia",Kabupaten Bantul,"{""attractions"": ""3"", ""area"": ""3""}","{""service_options"": ""outdoor seating, takeout, dine-in"", ""No accessibility"": ""wheelchair accessible seating"", ""offerings"": ""coffee, halal food, kids' menu"", ""dining_options"": ""brunch, lunch, dinner, dessert, seating"", ""amenities"": ""good for kids, restroom"", ""atmosphere"": ""casual, cozy"", ""crowd"": ""groups"", ""planning"": ""accepts reservations""}",{},
3031bbdf-719a-4624-a93e-0d7c947d977d,Joglo Dahar Gedhang Mas,https://www.google.com/maps/place/Joglo+Dahar+Gedhang+Mas/data=!4m7!3m6!1s0x2e7a56e5dbe17c5f:0xa62506096dac2990!8m2!3d-7.843906!4d110.3958245!16s%2Fg%2F11c7sz6z20!19sChIJX3zh2-VWei4RkCmsbQkGJaY?authuser=0&hl=en&rclk=1,https://lh5.googleusercontent.com/p/AF1QipNVmnYZsg2BwDB6Tkw2kYNdP7uhDKQfKpVy_SSj=w408-h408-k-no,4.3,2294,Moderate,"Glondong, Wirokerten, Banguntapan, Bantul Regency, Special Region of Yogyakarta 55194, Indonesia",Kabupaten Bantul,"{""area"": ""269"", ""pond"": ""53"", ""wedding"": ""20"", ""ini"": ""16"", ""gazebo"": ""16"", ""gurame"": ""15"", ""nature"": ""13"", ""conference"": ""12"", ""mosquitoes"": ""9"", ""rural"": ""8""}","{""service_options"": ""outdoor seating, no-contact delivery, delivery, takeout, dine-in"", ""No accessibility"": ""wheelchair accessible seating"", ""offerings"": ""coffee, halal food, kids' menu, vegan options, vegetarian options"", ""dining_options"": ""breakfast, brunch, lunch, dinner, catering, dessert, seating"", ""amenities"": ""good for kids, high chairs, restroom, wi-fi, free wi-fi"", ""atmosphere"": ""casual, cozy"", ""crowd"": ""groups"", ""planning"": ""accepts reservations""}",{},
ad59ee8d-b91b-4d1b-b1ba-5972ca9ce4f9,"Mie Ayam Sabrang ""Kinanthi"" (Mie Ayam Tanpa Micin Bantul)",https://www.google.com/maps/place/Mie+Ayam+Sabrang+%22Kinanthi%22+%28Mie+Ayam+Tanpa+Micin+Bantul%29/data=!4m7!3m6!1s0x2e7aff7b1f1aeee5:0x1dda99eea397cd22!8m2!3d-7.9304934!4d110.3347889!16s%2Fg%2F11fmjplvjd!19sChIJ5e4aH3v_ei4RIs2Xo-6Z2h0?authuser=0&hl=en&rclk=1,https://lh5.googleusercontent.com/p/AF1QipNcXgjV9gzfUXrOLfcI5NQVm4559DQmQiPMFXvz=w408-h306-k-no,4.5,787,Inexpensive,"Jl. Ganjuran, Sorok, Sumbermulyo, Kec. Bambanglipuro, Kabupaten Bantul, Daerah Istimewa Yogyakarta 55764, Indonesia",Kabupaten Bantul,"{""bumbu"": ""45"", ""umami"": ""35"", ""area"": ""34"", ""sweet"": ""31"", ""village"": ""21"", ""chicken_feet"": ""11"", ""standards"": ""10"", ""patience"": ""9"", ""toppings"": ""6""}","{""service_options"": ""takeout, dine-in"", ""No accessibility"": ""wheelchair accessible parking lot"", ""offerings"": ""kids' menu"", ""dining_options"": ""seating"", ""amenities"": ""restroom"", ""atmosphere"": ""casual"", ""crowd"": ""family-friendly"", ""payments"": ""cash-only""}",{},
e3a8a86e-6d14-4df3-a9c3-81d03d42976a,Desa Wisata Pentingsari,https://www.google.com/maps/place/Desa+Wisata+Pentingsari/data=!4m7!3m6!1s0x2e7a5de3a525c159:0xf67c163f17bf42f9!8m2!3d-7.6428597!4d110.4295754!16s%2Fg%2F11f1wp2429!19sChIJWcElpeNdei4R-UK_Fz8WfPY?authuser=0&hl=en&rclk=1,https://lh5.googleusercontent.com/p/AF1QipNcc-sPGFRa3qJ2TjPwk2e0oEh_OQ2grKtiHusp=w408-h306-k-no,4.5,1117,,"Pentingsari, Umbulharjo, Cangkringan, Sleman Regency, Special Region of Yogyakarta, Indonesia",Kabupaten Sleman,"{""cold_temperature"": ""78"", ""camping"": ""45"", ""homestay"": ""32"", ""outdoor_education"": ""31"", ""merapi"": ""26"", ""rural_area"": ""23"", ""society"": ""21"", ""learning"": ""19"", ""school"": ""12"", ""gamelan"": ""7""}","{""accessibility"": ""wheelchair accessible seating"", ""amenities"": ""gender-neutral restroom, good for kids"", ""planning"": ""appointment required""}",{},"[""tempat wisata"", ""things to do""]"
48e44637-9020-4b7d-b796-b4264ed91aab,HOTEL SALEH,https://www.google.com/maps/place/HOTEL+SALEH/data=!4m10!3m9!1s0x2e69f4f51a0a0d4b:0xbfee1af07ac523!5m2!4m1!1i2!8m2!3d-6.193812!4d106.8671524!16s%2Fg%2F1tmwkz4w!19sChIJSw0KGvX0aS4RI8V68BruvwA?authuser=0&hl=en&rclk=1,https://lh5.googleusercontent.com/p/AF1QipOzb7Kvqc2Tx49NS_ouIExvq-ju8Qk3X7TkUEor=w408-h408-k-no,3.6,466,,"Jl. Utan Kayu Raya No.56, RT.12/RW.6, Utan Kayu Utara, Kec. Matraman, Kota Jakarta Timur, Daerah Khusus Ibukota Jakarta 13120, Indonesia",Kota Jakarta Timur,{},{},{},"[""penginapan""]"
6dc1b329-1c1f-411e-b44f-88d525751e6d,History Museum of Antiquities Pleret,https://www.google.com/maps/place/History+Museum+of+Antiquities+Pleret/data=!4m7!3m6!1s0x2e7a56a2fe677a3f:0x6ebc26e4c0367567!8m2!3d-7.8684887!4d110.4052046!16s%2Fg%2F11b6pnrvvb!19sChIJP3pn_qJWei4RZ3U2wOQmvG4?authuser=0&hl=en&rclk=1,https://lh5.googleusercontent.com/p/AF1QipPgjCqmLmBDU7F0BgGDu_yprwb-e7z9lrrTemo0=w426-h240-k-no,4.5,700,,"4CJ4+J34, Jl. Pleret, Kedaton, Pleret, Kec. Pleret, Kabupaten Bantul, Daerah Istimewa Yogyakarta 55797",Kabupaten Bantul,"{""islam"": ""30"", ""kraton"": ""19"", ""well"": ""16"", ""area"": ""11"", ""tofu"": ""9"", ""ancient"": ""8"", ""hindu"": ""6"", ""south"": ""6"", ""cultural_property"": ""5""}","{""amenities"": ""good for kids, toilets"", ""No amenities"": ""restaurant""}",{},"[""tempat makan"", ""things to do""]"
186a6d49-5fad-4916-8838-afdd473ce20c,Thiwul Ayu Mbok Sum,https://www.google.com/maps/place/Thiwul+Ayu+Mbok+Sum/data=!4m7!3m6!1s0x2e7a549dc1f3a6eb:0x13c6b2949f4b2812!8m2!3d-7.9309903!4d110.4247001!16s%2Fg%2F1pzwfj525!19sChIJ66bzwZ1Uei4REihLn5SyxhM?authuser=0&hl=en&rclk=1,https://lh5.googleusercontent.com/p/AF1QipNuXEZ-tx51kiXnlnIxv7wCKnKMAYxc4gY7R1rQ=w408-h306-k-no,4.5,1722,Inexpensive,"Jalan Mangunan KM.4.5, RT.15, Mangunan, Dlingo, Cempluk, Mangunan, Kec. Dlingo, Kabupaten Bantul, Daerah Istimewa Yogyakarta 55783, Indonesia",Kabupaten Bantul,"{""menu"": ""50"", ""ayam_goreng"": ""41"", ""palm_sugar"": ""38"", ""traditional_food"": ""31"", ""nasi"": ""25"", ""region"": ""22"", ""white_sugar"": ""18"", ""forest"": ""18"", ""cassava"": ""15"", ""candles"": ""5""}","{""payments"": ""debit cards, credit cards""}",{},
4dd59634-e1ca-470d-9975-5ad4af3e869d,Kebun Teh Nglinggo,,https://lh5.googleusercontent.com/p/AF1QipMyJspgFhnWRb5vivdL_zeFjYweI8PAK1mkk77Y=w408-h261-k-no,4.5,3938,,"943R+5HH, Nglinggo Barat, Pagerharjo, Kec. Samigaluh, Kabupaten Kulon Progo, Daerah Istimewa Yogyakarta 55673, Indonesia",Kabupaten Kulon Progo,"{""scenery"": ""242"", ""cold"": ""183"", ""air"": ""178"", ""vehicles"": ""108"", ""liver"": ""53"", ""plantation"": ""50"", ""fog"": ""44"", ""brakes"": ""24"", ""chinese_tea"": ""14"", ""geblek"": ""7""}","{""description"": ""lush tea plantation on a hill, offering scenic walking trails & steps to sweeping vistas."", ""No accessibility"": ""wheelchair accessible entrance, wheelchair accessible parking lot"", ""amenities"": ""good for kids""}","{'Tuesday': '7AM to 6PM', 'Wednesday': '7AM to 6PM', 'Thursday(Pancasila Day)': '7AM to 6PM, Hours might differ', 'Friday': '7AM to 6PM', 'Saturday': '7AM to 6PM', 'Sunday': '7AM to 6PM', 'Monday': '7AM to 6PM'}",
6e25fa5a-22d8-4a9b-a99a-1aaa65d01124,Waroeng Steak And Shake Grogol Jakarta,https://www.google.com/maps/place/Waroeng+Steak+And+Shake+Grogol+Jakarta/data=!4m7!3m6!1s0x2e69f643cda918e3:0x942c77e8cf26045f!8m2!3d-6.1657927!4d106.795613!16s%2Fg%2F1tht97vv!19sChIJ4xipzUP2aS4RXwQmz-h3LJQ?authuser=0&hl=en&rclk=1,https://lh5.googleusercontent.com/p/AF1QipNLKazNTQBSFRKEHc12Sfypr3CAN4cUAJnxryLW=w408-h306-k-no,4.3,5819,Moderate,"Jl. Dr. Susilo Raya No.9, Grogol, Kec. Grogol petamburan, Kota Jakarta Barat, Daerah Khusus Ibukota Jakarta 11450, Indonesia",Kota Jakarta Barat,"{""service_quality"": ""67"", ""ac_units"": ""33"", ""cashier"": ""28"", ""doctor"": ""25"", ""lg"": ""25"", ""working_class"": ""21"", ""gallium"": ""11"", ""queue"": ""11"", ""lama"": ""10"", ""relativism"": ""8""}","{""service_options"": ""outdoor seating, no-contact delivery, delivery, takeout, dine-in"", ""highlights"": ""fast service"", ""accessibility"": ""wheelchair accessible entrance, wheelchair accessible parking lot, wheelchair accessible restroom"", ""offerings"": ""coffee, halal food, kids' menu, quick bite"", ""dining_options"": ""lunch, dinner, dessert, seating"", ""amenities"": ""good for kids, restroom"", ""atmosphere"": ""casual, cozy"", ""crowd"": ""groups"", ""planning"": ""accepts reservations"", ""payments"": ""debit cards, credit cards""}",{},"[""tempat makan""]"
ea8d71ca-961f-4e4b-853f-035d9ecfbb9d,Rumah Makan Bungo Padi,https://www.google.com/maps/place/Rumah+Makan+Bungo+Padi/data=!4m7!3m6!1s0x2e7a55ee10736159:0xcfeeec6e1340c045!8m2!3d-7.894283!4d110.343566!16s%2Fg%2F11b6h_4hts!19sChIJWWFzEO5Vei4RRcBAE27s7s8?authuser=0&hl=en&rclk=1,https://lh5.googleusercontent.com/p/AF1QipN3sJcT0r-PBKggFFFbXBFWHKLrVcubmsTn0RF9=w426-h240-k-no,4.3,49,,"Jl. Dr. Wahidin Sudiro Husodo, Nogosari, Trirenggo, Kec. Bantul, Kabupaten Bantul, Daerah Istimewa Yogyakarta 55714, Indonesia",Kabupaten Bantul,"{""nasi"": ""4"", ""sambal"": ""4"", ""rendang"": ""3""}","{""service_options"": ""takeout, dine-in"", ""No accessibility"": ""wheelchair accessible entrance, wheelchair accessible parking lot, wheelchair accessible seating"", ""offerings"": ""coffee, halal food"", ""dining_options"": ""lunch"", ""amenities"": ""good for kids, restroom"", ""atmosphere"": ""casual, cozy"", ""payments"": ""cash-only""}",{},
3b1237cf-e7df-4fba-83f5-82b81e35920a,Dapur Master Gorontalo,https://www.google.com/maps/place/Dapur+Master+Gorontalo/data=!4m7!3m6!1s0x2e69f52844404913:0x452011a551582f7!8m2!3d-6.1873014!4d106.8612513!16s%2Fg%2F11sq6d_kdy!19sChIJE0lARCj1aS4R94IVVRoBUgQ?authuser=0&hl=en&rclk=1,https://lh5.googleusercontent.com/p/AF1QipPPjOmDv2fophVp5azP0TSu3JqkwdLeujEPj3qy=w408-h544-k-no,4.9,27,,"Jl. Percetakan Negara IV No.39, RW.9, Johar Baru, Kec. Johar Baru, Kota Jakarta Pusat, Daerah Khusus Ibukota Jakarta 10560, Indonesia",Kota Jakarta Utara,"{""nasi_kuning"": ""6"", ""dishes"": ""3""}","{""service_options"": ""no-contact delivery, delivery, takeout, dine-in"", ""offerings"": ""halal food"", ""dining_options"": ""lunch, dinner"", ""amenities"": ""good for kids"", ""atmosphere"": ""casual, cozy"", ""crowd"": ""groups""}",{},
7725324e-e93b-46e5-adf3-30f47ba71e34,Gule & Tongseng Ayam Kampung Sudimoro 3,https://www.google.com/maps/place/Gule+%26+Tongseng+Ayam+Kampung+Sudimoro+3/data=!4m7!3m6!1s0x2e7a561b43542787:0xb99571ed7cfd27e7!8m2!3d-7.86857!4d110.337607!16s%2Fg%2F11b6gqg_48!19sChIJhydUQxtWei4R5yf9fO1xlbk?authuser=0&hl=en&rclk=1,https://lh5.googleusercontent.com/p/AF1QipNs5gPkQL-syYnGM5gpBkWPkNtWT5BwkWRFPBUq=w408-h725-k-no,4.6,855,Inexpensive,"48JQ+H2H, Jl. Bantul, Sawahan, Pendowoharjo, Kec. Sewon, Kabupaten Bantul, Daerah Istimewa Yogyakarta 55186, Indonesia",Kabupaten Bantul,"{""sweet"": ""19"", ""heat"": ""17"", ""market"": ""15"", ""meat"": ""15"", ""parking"": ""12"", ""nasi"": ""8"", ""spicy"": ""7"", ""plush"": ""6"", ""pepper"": ""6"", ""gulai"": ""5""}","{""service_options"": ""outdoor seating, takeout, dine-in"", ""No accessibility"": ""wheelchair accessible entrance, wheelchair accessible parking lot, wheelchair accessible seating"", ""offerings"": ""halal food"", ""dining_options"": ""breakfast, lunch, seating"", ""amenities"": ""good for kids, restroom"", ""atmosphere"": ""casual, cozy"", ""crowd"": ""groups"", ""planning"": ""accepts reservations"", ""payments"": ""cash-only""}",{},
14b333cd-8572-4b69-90ed-fecb7fbcf0da,Oak Tree Hotel Jakarta,https://www.google.com/maps/place/Oak+Tree+Hotel+Jakarta/data=!4m10!3m9!1s0x2e69f16ce82e7e2f:0x972de46e770f4dbf!5m2!4m1!1i2!8m2!3d-6.2452963!4d106.7957752!16s%2Fg%2F1pp2t_4cz!19sChIJL34u6GzxaS4Rv00Pd27kLZc?authuser=0&hl=en&rclk=1,https://lh3.googleusercontent.com/gps-proxy/AE4_-5HNuOV-9r-bTqKqtYJF725JedI_LKHc3DaZn3i_WrSnu4eVFbR3-JXzbRk7JvtSVNqRURIVGaRgYH9O1a3sEV488rbbjMVSYZNvNwsfZcbhJsKpy34AI6D5ZxVSuH2y3bSt4u77IZDt4dM_YxiSAzWRjkBFoJtZnJionSf7gd-r8VWSJ9LQMFYzPQ=w408-h318-k-no,3.9,1210,,"Jl. Sampit 5 No.3, RT.1/RW.6, Kramat Pela, Kec. Kby. Baru, Kota Jakarta Selatan, Daerah Khusus Ibukota Jakarta 12130, Indonesia",Kota Jakarta Selatan,{},{},{},"[""penginapan""]"
96d93e75-06a4-4c6d-9b03-f7a2117b106c,Inessya Resort,https://www.google.com/maps/place/Inessya+Resort/data=!4m10!3m9!1s0x2e7bba93ebb44f41:0x9c9929ca51b463ab!5m2!4m1!1i2!8m2!3d-8.1330199!4d110.5525024!16s%2Fg%2F11c57d9b2d!19sChIJQU-065O6ey4Rq2O0UcopmZw?authuser=0&hl=en&rclk=1,https://lh5.googleusercontent.com/p/AF1QipNHu-wMsw0m9EiIK-JeGspEOiAuK1RR4T-AQHCo=w426-h240-k-no,4.4,288,,"Jl. Ke Puncak Tim., Rejosari, Kemadang, Kec. Tanjungsari, Kabupaten Gunung Kidul, Daerah Istimewa Yogyakarta 55881, Indonesia",Kabupaten Gunung Kidul,{},{},{},
cc16f5c7-e750-4e11-ba58-bc72c595db15,Swiss-Belhotel Pondok Indah,https://www.google.com/maps/place/Swiss-Belhotel+Pondok+Indah/data=!4m10!3m9!1s0x2e69f1ba96abaf27:0x6b316aad4a07a012!5m2!4m1!1i2!8m2!3d-6.2876493!4d106.7798051!16s%2Fg%2F11bc7ry7dn!19sChIJJ6-rlrrxaS4REqAHSq1qMWs?authuser=0&hl=en&rclk=1,https://lh5.googleusercontent.com/p/AF1QipM85EzzcawOe5VOXieURWHMX3k7-Qgp-DGhnDlO=w408-h272-k-no,4.6,8513,,"Jl. Metro Pondok Indah, Pd. Pinang, Kec. Kby. Lama, Kota Jakarta Selatan, Daerah Khusus Ibukota Jakarta 12310, Indonesia",Kota Jakarta Selatan,{},{},{},['penginapan']
b76579c0-4396-4029-8991-456d4ae8927f,Tantular Cafe Pesanggrahan,https://www.google.com/maps/place/Tantular+Cafe+Pesanggrahan/data=!4m7!3m6!1s0x2e69f703690f25bb:0x627d67569f61780a!8m2!3d-6.187475!4d106.755707!16s%2Fg%2F11bwn5mm4b!19sChIJuyUPaQP3aS4RCnhhn1ZnfWI?authuser=0&hl=en&rclk=1,https://lh5.googleusercontent.com/p/AF1QipNawCfOnm_kETkrxLnoK7VRHMl6iLAKZr2i1Is0=w508-h240-k-no,4.4,479,Moderate,"2, Jl. Pesanggrahan No.10G, RT.1/RW.9, Kembangan Sel., Kec. Kembangan, Kota Jakarta Barat, Daerah Khusus Ibukota Jakarta 11610, Indonesia",Kota Jakarta Barat,"{""price"": ""25"", ""music"": ""11"", ""meeting"": ""9"", ""family"": ""9"", ""room"": ""8"", ""area"": ""8"", ""snack"": ""7"", ""waiters"": ""7"", ""board_games"": ""6"", ""soto"": ""5""}","{""description"": ""cool gathering place with laid-back local eats, art on the walls & sports on tv."", ""service_options"": ""outdoor seating, no-contact delivery, delivery, takeout, dine-in"", ""No accessibility"": ""wheelchair accessible entrance, wheelchair accessible seating"", ""offerings"": ""alcohol, beer, coffee"", ""dining_options"": ""breakfast, brunch, lunch, dinner, dessert, seating"", ""amenities"": ""good for kids, high chairs, restroom"", ""atmosphere"": ""casual, cozy"", ""crowd"": ""family-friendly, groups"", ""planning"": ""accepts reservations"", ""payments"": ""cash-only, debit cards, credit cards""}",{},['kegiatan']
a1f6dff9-bfee-4eb0-93b8-1e5fa4bc7f68,Sei'ra - Makanan Khas NTT,https://www.google.com/maps/place/Sei%27ra+-+Makanan+Khas+NTT/data=!4m7!3m6!1s0x2e69f7ad10d3fbe5:0xb43c1401c2825113!8m2!3d-6.1698028!4d106.7687222!16s%2Fg%2F11g8nhv7wf!19sChIJ5fvTEK33aS4RE1GCwgEUPLQ?authuser=0&hl=en&rclk=1,https://lh5.googleusercontent.com/p/AF1QipMIHkdxtEdcj2WDKTU6J0wijrwfOifOHgzdzh41=w426-h240-k-no,4.2,288,Moderate,"Kemuning F8 No. 3 A, Jl. Taman Ratu Raya, RT.9/RW.13, Duri Kepa, Kec. Kb. Jeruk, Kota Jakarta Barat, Daerah Khusus Ibukota Jakarta 11510, Indonesia",Kota Jakarta Barat,"{""pork"": ""33"", ""price"": ""15"", ""sambal"": ""14"", ""nasi_campur"": ""6"", ""papaya"": ""5"", ""halal_food"": ""5"", ""pedas"": ""5"", ""smoked"": ""4"", ""seasoned"": ""3"", ""keropok"": ""3""}","{""service_options"": ""delivery, takeout, dine-in"", ""accessibility"": ""wheelchair accessible parking lot, wheelchair accessible restroom"", ""No accessibility"": ""wheelchair accessible entrance"", ""offerings"": ""alcohol, beer, coffee"", ""dining_options"": ""breakfast, lunch, dinner"", ""amenities"": ""good for kids, restroom, wi-fi, free wi-fi"", ""atmosphere"": ""casual"", ""crowd"": ""family-friendly, groups"", ""planning"": ""accepts reservations"", ""payments"": ""debit cards, credit cards""}",{},"[""tempat makan""]"
dde1ae6d-a36c-495e-8e5f-8c6b0f656ea0,Masjid Raya KH. Hasyim Asy'ari Jakarta,https://www.google.com/maps/place/Masjid+Raya+KH.+Hasyim+Asy%27ari+Jakarta/data=!4m7!3m6!1s0x2e69f9d204c2228d:0x28838766c63376fa!8m2!3d-6.1589414!4d106.7161672!16s%2Fg%2F11d_drvvsc!19sChIJjSLCBNL5aS4R-nYzxmaHgyg?authuser=0&hl=en&rclk=1,https://lh5.googleusercontent.com/p/AF1QipOJ0TnyAyHcy6botbhtPRUX4BIHtKJVuJ1uCICh=w426-h240-k-no,4.6,2733,,"Jl. Rusunawa Pesakih No.14, RT.3/RW.14, Duri Kosambi, Kecamatan Cengkareng, Kota Jakarta Barat, Daerah Khusus Ibukota Jakarta 11750, Indonesia",Kota Jakarta Barat,"{""area"": ""287"", ""congregational_prayer"": ""35"", ""shape"": ""19"", ""ini"": ""17"", ""roof"": ""12"", ""transjakarta"": ""11"", ""joko_widodo"": ""10"", ""government"": ""10"", ""nahdlatul_ulama"": ""8""}","{""accessibility"": ""wheelchair accessible entrance, wheelchair accessible parking lot""}",{},['kegiatan']
86fde9ca-61e4-46d8-a0d7-11e6398d89ae,Pondok Pesantren Asshiddiqiyah Center,https://www.google.com/maps/place/Pondok+Pesantren+Asshiddiqiyah+Center/data=!4m7!3m6!1s0x2e69f7ac09efddf5:0xb0465c152f3f5aea!8m2!3d-6.1746384!4d106.7661815!16s%2Fg%2F1td2qdbr!19sChIJ9d3vCaz3aS4R6lo_LxVcRrA?authuser=0&hl=en&rclk=1,https://lh5.googleusercontent.com/p/AF1QipMCO-r_zJhHizUXmcC1tS2ldk8QVcosU_JmQvnT=w408-h725-k-no,4.6,168,,"Jl. Panjang No.6C, RT.5/RW.11, Kedoya Utara, Kec. Kb. Jeruk, Kota Jakarta Barat, Daerah Khusus Ibukota Jakarta 11520, Indonesia",Kota Jakarta Barat,"{""santri"": ""7"", ""namaz"": ""4"", ""assalamualaikum"": ""4"", ""capital"": ""3""}","{""accessibility"": ""wheelchair accessible entrance, wheelchair accessible parking lot""}",{},['kegiatan']
25e41bc6-b5df-478d-8566-cedb6be71814,Whiz Hotel Falatehan Jakarta,https://www.google.com/maps/place/Whiz+Hotel+Falatehan+Jakarta/data=!4m10!3m9!1s0x2e69f169392191bd:0x82b738a39b0698b!5m2!4m1!1i2!8m2!3d-6.2426831!4d106.801712!16s%2Fg%2F11dyqrp32p!19sChIJvZEhOWnxaS4Ri2mwOYpzKwg?authuser=0&hl=en&rclk=1,https://lh5.googleusercontent.com/p/AF1QipMTdkzoDc_YmhsUehlD6wP77aY1daFN_qMZ9FsE=w408-h544-k-no,4.1,742,,"Jl Jl. Falatehan I No.40, RW.1, Melawai, Kec. Kby. Baru, Kota Jakarta Selatan, Daerah Khusus Ibukota Jakarta 12160, Indonesia",Kota Jakarta Selatan,{},{},{},"[""penginapan""]"